-- phpMyAdmin SQL Dump
-- version 4.1.14
-- http://www.phpmyadmin.net
--
-- Client :  127.0.0.1
-- Généré le :  Jeu 01 Juin 2017 à 00:44
-- Version du serveur :  5.6.17-log
-- Version de PHP :  5.5.12

SET SQL_MODE = "NO_AUTO_VALUE_ON_ZERO";
SET time_zone = "+00:00";


/*!40101 SET @OLD_CHARACTER_SET_CLIENT=@@CHARACTER_SET_CLIENT */;
/*!40101 SET @OLD_CHARACTER_SET_RESULTS=@@CHARACTER_SET_RESULTS */;
/*!40101 SET @OLD_COLLATION_CONNECTION=@@COLLATION_CONNECTION */;
/*!40101 SET NAMES utf8 */;

--
-- Base de données :  `locationski`
--

DELIMITER $$
--
-- Procédures
--
CREATE DEFINER=`root`@`localhost` PROCEDURE `verifDateAcompte`(num int)
begin 

declare dateDe date ;
declare datefin date;
declare datedebut date;
declare id_location int;

select dateDemande, location_id,dateD,dateF into dateDe, id_location,datedebut,datefin
from demande
where id = num ; 

if datediff(curdate(), dateDe) > 8
then 
update demande set confirme = 'rejeter'
where id = num ;

update datelocation set libre = 'libre'
where dateJour between datedebut and datefin
and id_location = id_location;
      end if;
    END$$

DELIMITER ;

-- --------------------------------------------------------

--
-- Structure de la table `activite`
--

CREATE TABLE IF NOT EXISTS `activite` (
  `idA` int(11) NOT NULL AUTO_INCREMENT,
  `nomA` varchar(70) COLLATE latin1_general_ci NOT NULL,
  `photoA` longtext COLLATE latin1_general_ci NOT NULL,
  `detailA` longtext COLLATE latin1_general_ci NOT NULL,
  `lienA` varchar(70) COLLATE latin1_general_ci DEFAULT NULL,
  `valleeA` varchar(30) COLLATE latin1_general_ci NOT NULL,
  PRIMARY KEY (`idA`)
) ENGINE=InnoDB  DEFAULT CHARSET=latin1 COLLATE=latin1_general_ci AUTO_INCREMENT=17 ;

--
-- Contenu de la table `activite`
--

INSERT INTO `activite` (`idA`, `nomA`, `photoA`, `detailA`, `lienA`, `valleeA`) VALUES
(2, 'Ski pour Enfants', 'ski-enfants.jpg', 'Hac ex causa conlaticia stipe Valerius humatur ille Publicola et subsidiis amicorum mariti inops cum liberis uxor alitur Reguli et dotatur ex aerario filia Scipionis', 'pierreetvacances.com/fr-fr/guide-ski_ms', '1'),
(3, 'Magsin de location de ski', 'magasin_location.jpg', 'Hac ex causa conlaticia stipe Valerius humatur ille Publicola et subsidiis amicorum mariti inops cum liberis uxor alitur Reguli et dotatur ex aerario filia ', 'achat-ski.com/fr/2-ski-alpin', '1'),
(4, 'Le Flocon', 'le_flocon.jpg', 'Hac ex causa conlaticia stipe Valerius humatur ille Publicola et subsidiis amicorum mariti inops cum liberis uxor alitur Reguli et dotatur', 'restaurant-serre-chevalier.com', '1'),
(5, 'Les baladins', 'le_flocon.jpg', 'Hac ex causa conlaticia stipe Valerius humatur ille Publicola et subsidiis amicorum mariti inops cum liberis uxor alitur Reguli et dotatur', 'lesbaladins.com', '1'),
(6, 'La Cime', 'la_cime.jpg', 'Hac ex causa conlaticia stipe Valerius humatur ille Publicola et subsidiis amicorum mariti inops cum liberis uxor alitur Reguli et dotatur', 'refugeceillac.com', '2'),
(7, 'Le Chamois', 'le_chamois.jpg', 'Hac ex causa conlaticia stipe Valerius humatur ille Publicola et subsidiis amicorum mariti inops cum liberis uxor alitur Reguli et dotatur', 'hotel-lechamois.com', '2'),
(8, 'Les Olivades', 'les_olivades.jpg', 'Hac ex causa conlaticia stipe Valerius humatur ille Publicola et subsidiis amicorum mariti inops cum liberis uxor alitur Reguli et dotatur', 'v2.hotel-restaurant-gap-les-olivades.com', '2'),
(9, 'La Cigale', 'la_cigale.jpg', 'Hac ex causa conlaticia stipe Valerius humatur ille Publicola et subsidiis amicorum mariti inops cum liberis uxor alitur Reguli et dotatur', 'la-cigale-restaurant.fr', '2'),
(10, 'Le beau Soleil', 'le_beau_soleil.jpg', 'Hac ex causa conlaticia stipe Valerius humatur ille Publicola et subsidiis amicorum mariti inops cum liberis uxor alitur Reguli et dotatur', 'lebeausoleil.net', '3'),
(11, 'L Araignée gourmande', 'laraignee_gourmande.jpg', 'Hac ex causa conlaticia stipe Valerius humatur ille Publicola et subsidiis amicorum mariti inops cum liberis uxor alitur Reguli et dotatur', 'laraignee-gourmande.fr', '3'),
(13, 'Les Chenets', 'les_chenets.jpg', 'Hac ex causa conlaticia stipe Valerius humatur ille Publicola et subsidiis amicorum mariti inops cum liberis uxor alitur Reguli et dotatur', 'les-chenets.com', '3'),
(14, 'Animation festive', 'animation_festive.jpg', 'Hac ex causa conlaticia stipe Valerius humatur ille Publicola et subsidiis amicorum mariti inops cum liberis uxor alitur', 'altitudejazz.com', '4'),
(16, 'zerty', '27baac57-5780-4025-8cfd-77f0017aa132uijxh.jpg', ' dfhgvjhbk', 'fghjk', '1');

-- --------------------------------------------------------

--
-- Structure de la table `admin`
--

CREATE TABLE IF NOT EXISTS `admin` (
  `idC` int(11) NOT NULL AUTO_INCREMENT,
  `nom` varchar(70) COLLATE latin1_general_ci NOT NULL,
  `prenom` varchar(70) COLLATE latin1_general_ci NOT NULL,
  `password` varchar(150) COLLATE latin1_general_ci NOT NULL,
  `email` varchar(150) COLLATE latin1_general_ci NOT NULL,
  PRIMARY KEY (`idC`)
) ENGINE=InnoDB  DEFAULT CHARSET=latin1 COLLATE=latin1_general_ci AUTO_INCREMENT=2 ;

--
-- Contenu de la table `admin`
--

INSERT INTO `admin` (`idC`, `nom`, `prenom`, `password`, `email`) VALUES
(1, 'admin', 'admin', '21232f297a57a5a743894a0e4a801fc3', 'debailleul@gmail.com');

-- --------------------------------------------------------

--
-- Structure de la table `client`
--

CREATE TABLE IF NOT EXISTS `client` (
  `idC` int(11) NOT NULL AUTO_INCREMENT,
  `nom` varchar(70) COLLATE latin1_general_ci NOT NULL,
  `password` varchar(70) COLLATE latin1_general_ci NOT NULL,
  `prenom` varchar(70) COLLATE latin1_general_ci NOT NULL,
  `email` varchar(100) COLLATE latin1_general_ci NOT NULL,
  `ville` varchar(70) COLLATE latin1_general_ci NOT NULL,
  `adresse` varchar(70) COLLATE latin1_general_ci NOT NULL,
  `codeP` varchar(5) COLLATE latin1_general_ci NOT NULL,
  `tel` varchar(14) COLLATE latin1_general_ci NOT NULL,
  PRIMARY KEY (`idC`)
) ENGINE=InnoDB  DEFAULT CHARSET=latin1 COLLATE=latin1_general_ci AUTO_INCREMENT=4 ;

--
-- Contenu de la table `client`
--

INSERT INTO `client` (`idC`, `nom`, `password`, `prenom`, `email`, `ville`, `adresse`, `codeP`, `tel`) VALUES
(1, 'client1', 'a165dd3c2e98d5d607181d0b87a4c66b', 'client1', 'client1@gmail.com', 'test', 'test', '78250', 'test'),
(2, 'client2', '2c66045d4e4a90814ce9280272e510ec', 'client2', 'client2@gmail.com', 'test', 'test', '54670', 'test'),
(3, 'client3', 'c27af3f6460eb10979adb366fc7f6856', 'client3', 'client3@gmail.com', 'test', 'test', '56565', 'test');

-- --------------------------------------------------------

--
-- Structure de la table `contrat`
--

CREATE TABLE IF NOT EXISTS `contrat` (
  `id` int(11) NOT NULL,
  `dateD` date NOT NULL,
  `dateF` date NOT NULL,
  `location_id` int(11) NOT NULL,
  `client_id` int(11) NOT NULL,
  `etat` varchar(70) COLLATE latin1_general_ci NOT NULL
) ENGINE=InnoDB DEFAULT CHARSET=latin1 COLLATE=latin1_general_ci;

-- --------------------------------------------------------

--
-- Structure de la table `contratproprio`
--

CREATE TABLE IF NOT EXISTS `contratproprio` (
  `id` int(11) NOT NULL AUTO_INCREMENT,
  `location_id` int(11) NOT NULL,
  `proprietair_id` int(11) NOT NULL,
  `dateD` date NOT NULL,
  `etat` varchar(70) COLLATE latin1_general_ci NOT NULL,
  PRIMARY KEY (`id`)
) ENGINE=InnoDB DEFAULT CHARSET=latin1 COLLATE=latin1_general_ci AUTO_INCREMENT=1 ;

-- --------------------------------------------------------

--
-- Structure de la table `datelocation`
--

CREATE TABLE IF NOT EXISTS `datelocation` (
  `idD` int(11) NOT NULL AUTO_INCREMENT,
  `dateJour` date NOT NULL,
  `libre` varchar(50) COLLATE latin1_general_ci NOT NULL DEFAULT 'libre ',
  `id_location` int(11) NOT NULL,
  `id_saison` int(11) NOT NULL,
  KEY `idD` (`idD`)
) ENGINE=InnoDB  DEFAULT CHARSET=latin1 COLLATE=latin1_general_ci AUTO_INCREMENT=3016 ;

--
-- Contenu de la table `datelocation`
--

INSERT INTO `datelocation` (`idD`, `dateJour`, `libre`, `id_location`, `id_saison`) VALUES
(1, '2016-10-02', 'libre', 3, 6),
(2, '2016-10-03', 'libre', 3, 6),
(3, '2016-10-04', 'libre', 3, 6),
(4, '2016-10-05', 'libre', 3, 6),
(5, '2016-10-06', 'libre', 3, 6),
(6, '2016-10-07', 'libre', 3, 6),
(7, '2016-10-08', 'libre', 3, 6),
(8, '2016-10-09', 'libre', 3, 6),
(9, '2016-10-10', 'libre', 3, 6),
(10, '2016-10-11', 'libre', 3, 6),
(11, '2016-10-12', 'libre', 3, 6),
(12, '2016-10-13', 'libre', 3, 6),
(13, '2016-10-14', 'libre', 3, 6),
(14, '2016-10-15', 'libre', 3, 6),
(15, '2016-10-16', 'libre', 3, 6),
(16, '2016-10-17', 'libre', 3, 6),
(17, '2016-10-18', 'libre', 3, 6),
(18, '2016-10-19', 'libre', 3, 6),
(19, '2016-10-20', 'libre', 3, 6),
(20, '2016-10-21', 'libre', 3, 6),
(21, '2016-10-22', 'libre', 3, 6),
(22, '2016-10-23', 'libre', 3, 6),
(23, '2016-10-24', 'libre', 3, 6),
(24, '2016-10-25', 'libre', 3, 6),
(25, '2016-10-26', 'libre', 3, 6),
(26, '2016-10-27', 'libre', 3, 6),
(27, '2016-10-28', 'libre', 3, 6),
(28, '2016-10-29', 'libre', 3, 6),
(29, '2016-10-30', 'libre', 3, 6),
(30, '2016-10-30', 'libre', 3, 6),
(31, '2016-10-31', 'libre', 3, 6),
(32, '2016-11-01', 'libre', 3, 6),
(33, '2016-11-02', 'libre', 3, 6),
(34, '2016-11-03', 'libre', 3, 6),
(35, '2016-11-04', 'libre', 3, 6),
(36, '2016-11-05', 'libre', 3, 6),
(37, '2016-11-06', 'libre', 3, 6),
(38, '2016-11-07', 'libre', 3, 6),
(39, '2016-11-08', 'libre', 3, 6),
(40, '2016-11-09', 'libre', 3, 6),
(41, '2016-11-10', 'libre', 3, 6),
(42, '2016-11-11', 'libre', 3, 6),
(43, '2016-11-12', 'libre', 3, 6),
(44, '2016-11-13', 'libre', 3, 6),
(45, '2016-11-14', 'libre', 3, 6),
(46, '2016-11-15', 'libre', 3, 6),
(47, '2016-11-16', 'libre', 3, 6),
(48, '2016-11-17', 'libre', 3, 6),
(49, '2016-11-18', 'libre', 3, 6),
(50, '2016-11-19', 'libre', 3, 6),
(51, '2016-11-20', 'libre', 3, 6),
(52, '2016-11-21', 'libre', 3, 6),
(53, '2016-11-22', 'libre', 3, 6),
(54, '2016-11-23', 'libre', 3, 6),
(55, '2016-11-24', 'libre', 3, 6),
(56, '2016-11-25', 'libre', 3, 6),
(57, '2016-11-26', 'libre', 3, 6),
(58, '2016-11-27', 'libre', 3, 6),
(59, '2016-11-28', 'libre', 3, 6),
(60, '2016-11-29', 'libre', 3, 6),
(61, '2016-11-30', 'libre', 3, 6),
(62, '2016-12-01', 'libre', 3, 6),
(63, '2016-12-02', 'libre', 3, 6),
(64, '2016-12-03', 'libre', 3, 3),
(65, '2016-12-04', 'libre', 3, 3),
(66, '2016-12-05', 'libre', 3, 3),
(67, '2016-12-06', 'libre', 3, 3),
(68, '2016-12-07', 'libre', 3, 3),
(69, '2016-12-08', 'libre', 3, 3),
(70, '2016-12-09', 'libre', 3, 3),
(71, '2016-12-10', 'libre', 3, 3),
(72, '2016-12-11', 'libre', 3, 3),
(73, '2016-12-12', 'libre', 3, 3),
(74, '2016-12-13', 'libre', 3, 3),
(75, '2016-12-14', 'libre', 3, 3),
(76, '2016-12-15', 'libre', 3, 3),
(77, '2016-12-16', 'libre', 3, 3),
(78, '2016-12-17', 'libre', 3, 3),
(79, '2016-12-18', 'libre', 3, 1),
(80, '2016-12-19', 'libre', 3, 1),
(81, '2016-12-20', 'libre', 3, 1),
(82, '2016-12-21', 'libre', 3, 1),
(83, '2016-12-22', 'libre', 3, 1),
(84, '2016-12-23', 'libre', 3, 1),
(85, '2016-12-24', 'libre', 3, 1),
(86, '2016-12-25', 'libre', 3, 1),
(87, '2016-12-26', 'libre', 3, 1),
(88, '2016-12-27', 'libre', 3, 1),
(89, '2016-12-28', 'libre', 3, 1),
(90, '2016-12-29', 'libre', 3, 1),
(91, '2016-12-30', 'libre', 3, 1),
(92, '2016-12-31', 'libre', 3, 1),
(93, '2017-01-01', 'libre', 3, 1),
(94, '2017-01-02', 'libre', 3, 1),
(95, '2017-01-03', 'libre', 3, 4),
(96, '2017-01-04', 'libre', 3, 4),
(97, '2017-01-05', 'libre', 3, 4),
(98, '2017-01-06', 'libre', 3, 4),
(99, '2017-01-07', 'libre', 3, 4),
(100, '2017-01-08', 'libre', 3, 4),
(101, '2017-01-09', 'libre', 3, 4),
(102, '2017-01-10', 'libre', 3, 4),
(103, '2017-01-11', 'libre', 3, 4),
(104, '2017-01-12', 'libre', 3, 4),
(105, '2017-01-13', 'libre', 3, 4),
(106, '2017-01-14', 'libre', 3, 4),
(107, '2017-01-15', 'libre', 3, 4),
(108, '2017-01-16', 'libre', 3, 4),
(109, '2017-01-17', 'libre', 3, 4),
(110, '2017-01-18', 'libre', 3, 4),
(111, '2017-01-19', 'libre', 3, 4),
(112, '2017-01-20', 'libre', 3, 4),
(113, '2017-01-21', 'libre', 3, 4),
(114, '2017-01-22', 'libre', 3, 4),
(115, '2017-01-23', 'libre', 3, 4),
(116, '2017-01-24', 'libre', 3, 4),
(117, '2017-01-25', 'libre', 3, 4),
(118, '2017-01-26', 'libre', 3, 4),
(119, '2017-01-27', 'libre', 3, 4),
(120, '2017-01-28', 'libre', 3, 4),
(121, '2017-01-29', 'libre', 3, 4),
(122, '2017-01-30', 'libre', 3, 4),
(123, '2017-01-31', 'libre', 3, 4),
(124, '2017-02-01', 'libre', 3, 4),
(125, '2017-02-02', 'libre', 3, 4),
(126, '2017-02-03', 'libre', 3, 4),
(127, '2017-02-04', 'libre', 3, 4),
(128, '2017-02-05', 'libre', 3, 2),
(129, '2017-02-06', 'libre', 3, 2),
(130, '2017-02-07', 'libre', 3, 2),
(131, '2017-02-08', 'libre', 3, 2),
(132, '2017-02-09', 'libre', 3, 2),
(133, '2017-02-10', 'libre', 3, 2),
(134, '2017-02-11', 'libre', 3, 2),
(135, '2017-02-12', 'libre', 3, 2),
(136, '2017-02-13', 'libre', 3, 2),
(137, '2017-02-14', 'libre', 3, 2),
(138, '2017-02-15', 'libre', 3, 2),
(139, '2017-02-16', 'libre', 3, 2),
(140, '2017-02-17', 'libre', 3, 2),
(141, '2017-02-18', 'libre', 3, 2),
(142, '2017-02-19', 'libre', 3, 2),
(143, '2017-02-20', 'libre', 3, 2),
(144, '2017-02-21', 'libre', 3, 2),
(145, '2017-02-22', 'libre', 3, 2),
(146, '2017-02-23', 'libre', 3, 2),
(147, '2017-02-24', 'libre', 3, 2),
(148, '2017-02-25', 'libre', 3, 2),
(149, '2017-02-26', 'libre', 3, 2),
(150, '2017-02-27', 'libre', 3, 2),
(151, '2017-02-28', 'libre', 3, 2),
(152, '2017-03-01', 'libre', 3, 2),
(153, '2017-03-02', 'libre', 3, 2),
(154, '2017-03-03', 'libre', 3, 2),
(155, '2017-03-04', 'libre', 3, 2),
(156, '2017-03-05', 'libre', 3, 5),
(157, '2017-03-06', 'libre', 3, 5),
(158, '2017-03-07', 'libre', 3, 5),
(159, '2017-03-08', 'libre', 3, 5),
(160, '2017-03-09', 'libre', 3, 5),
(161, '2017-03-10', 'libre', 3, 5),
(162, '2017-03-11', 'libre', 3, 5),
(163, '2017-03-12', 'libre', 3, 5),
(164, '2017-03-13', 'libre', 3, 5),
(165, '2017-03-14', 'libre', 3, 5),
(166, '2017-03-15', 'libre', 3, 5),
(167, '2017-03-16', 'libre', 3, 5),
(168, '2017-03-17', 'libre', 3, 5),
(169, '2017-03-18', 'libre', 3, 5),
(170, '2017-03-19', 'libre', 3, 5),
(171, '2017-03-20', 'libre', 3, 5),
(172, '2017-03-21', 'libre', 3, 5),
(173, '2017-03-22', 'libre', 3, 5),
(174, '2017-03-23', 'libre', 3, 5),
(175, '2017-03-24', 'libre', 3, 5),
(176, '2017-03-25', 'libre', 3, 5),
(177, '2017-03-27', 'libre', 3, 5),
(178, '2017-03-28', 'libre', 3, 5),
(179, '2017-03-29', 'libre', 3, 5),
(180, '2017-03-30', 'libre', 3, 5),
(181, '2017-03-31', 'libre', 3, 5),
(182, '2017-04-01', 'libre', 3, 5),
(183, '2017-04-02', 'libre', 3, 5),
(184, '2017-04-03', 'libre', 3, 5),
(185, '2017-04-04', 'libre', 3, 5),
(186, '2017-04-05', 'libre', 3, 5),
(187, '2017-04-06', 'libre', 3, 5),
(188, '2017-04-07', 'libre', 3, 5),
(189, '2017-04-08', 'libre', 3, 5),
(190, '2017-04-09', 'libre', 3, 5),
(191, '2017-04-10', 'libre', 3, 6),
(192, '2017-04-11', 'libre', 3, 6),
(193, '2017-04-12', 'libre', 3, 6),
(194, '2017-04-13', 'libre', 3, 6),
(195, '2017-04-14', 'libre', 3, 6),
(196, '2017-04-15', 'libre', 3, 6),
(197, '2017-04-16', 'libre', 3, 6),
(198, '2017-04-17', 'libre', 3, 6),
(199, '2017-04-18', 'libre', 3, 6),
(200, '2017-04-19', 'libre', 3, 6),
(201, '2017-04-20', 'libre', 3, 6),
(202, '2017-04-21', 'libre', 3, 6),
(203, '2017-04-22', 'libre', 3, 6),
(204, '2017-04-23', 'libre', 3, 6),
(205, '2017-04-24', 'libre', 3, 6),
(206, '2017-04-25', 'libre', 3, 6),
(207, '2017-04-26', 'libre', 3, 6),
(208, '2017-04-27', 'libre', 3, 6),
(209, '2017-04-28', 'libre', 3, 6),
(210, '2017-04-29', 'libre', 3, 6),
(211, '2017-04-30', 'libre', 3, 6),
(212, '2017-05-01', 'libre', 3, 6),
(213, '2017-05-02', 'libre', 3, 6),
(214, '2017-05-03', 'libre', 3, 6),
(215, '2017-05-04', 'libre', 3, 6),
(216, '2017-05-05', 'libre', 3, 6),
(217, '2017-05-06', 'libre', 3, 6),
(218, '2017-05-07', 'libre', 3, 6),
(219, '2017-05-08', 'libre', 3, 6),
(220, '2017-05-09', 'libre', 3, 6),
(221, '2017-05-10', 'libre', 3, 6),
(222, '2017-05-11', 'libre', 3, 6),
(223, '2017-05-12', 'libre', 3, 6),
(224, '2017-05-13', 'libre', 3, 6),
(225, '2017-05-14', 'libre', 3, 6),
(226, '2017-05-15', 'libre', 3, 6),
(227, '2017-05-16', 'libre', 3, 6),
(228, '2017-05-17', 'libre', 3, 6),
(229, '2017-05-18', 'libre', 3, 6),
(230, '2017-05-19', 'libre', 3, 6),
(231, '2017-05-20', 'libre', 3, 6),
(232, '2017-05-21', 'libre', 3, 6),
(233, '2017-05-22', 'libre', 3, 6),
(234, '2017-05-23', 'libre', 3, 6),
(235, '2017-05-24', 'libre', 3, 6),
(236, '2017-05-25', 'libre', 3, 6),
(237, '2017-05-26', 'libre', 3, 6),
(238, '2017-05-27', 'libre', 3, 6),
(239, '2017-05-28', 'libre', 3, 6),
(240, '2017-05-29', 'libre', 3, 6),
(241, '2017-05-30', 'libre', 3, 6),
(242, '2017-05-31', 'libre', 3, 6),
(243, '2017-06-01', 'libre', 3, 6),
(244, '2017-06-02', 'libre', 3, 6),
(245, '2017-06-03', 'libre', 3, 6),
(246, '2017-06-04', 'libre', 3, 6),
(247, '2017-06-05', 'libre', 3, 6),
(248, '2017-06-06', 'libre', 3, 6),
(249, '2017-06-07', 'libre', 3, 6),
(250, '2017-06-08', 'libre', 3, 6),
(251, '2017-06-09', 'libre', 3, 6),
(252, '2017-06-10', 'libre', 3, 6),
(253, '2017-06-11', 'libre', 3, 6),
(254, '2017-06-12', 'libre', 3, 6),
(255, '2017-06-13', 'libre', 3, 6),
(256, '2017-06-14', 'libre', 3, 6),
(257, '2017-06-15', 'libre', 3, 6),
(258, '2017-06-16', 'libre', 3, 6),
(259, '2017-06-17', 'libre', 3, 6),
(260, '2017-06-18', 'libre', 3, 6),
(261, '2017-06-19', 'libre', 3, 6),
(262, '2017-06-20', 'libre', 3, 6),
(263, '2017-06-21', 'libre', 3, 6),
(264, '2017-06-22', 'libre', 3, 6),
(265, '2017-06-23', 'libre', 3, 6),
(266, '2017-06-24', 'libre', 3, 6),
(267, '2017-06-25', 'libre', 3, 6),
(268, '2017-06-26', 'libre', 3, 6),
(269, '2017-06-27', 'libre', 3, 6),
(270, '2017-06-28', 'libre', 3, 6),
(271, '2017-06-29', 'libre', 3, 6),
(272, '2017-06-30', 'libre', 3, 6),
(273, '2017-07-01', 'libre', 3, 6),
(274, '2017-07-02', 'libre', 3, 6),
(275, '2017-07-03', 'libre', 3, 6),
(276, '2017-07-04', 'libre', 3, 6),
(277, '2017-07-05', 'libre', 3, 6),
(278, '2017-07-06', 'libre', 3, 6),
(279, '2017-07-07', 'libre', 3, 6),
(280, '2017-07-08', 'libre', 3, 6),
(281, '2017-07-09', 'libre', 3, 6),
(282, '2017-07-10', 'libre', 3, 6),
(283, '2017-07-11', 'libre', 3, 6),
(284, '2017-07-12', 'libre', 3, 6),
(285, '2017-07-13', 'libre', 3, 6),
(286, '2017-07-14', 'libre', 3, 6),
(287, '2017-07-15', 'libre', 3, 6),
(288, '2017-07-16', 'libre', 3, 6),
(289, '2017-07-17', 'libre', 3, 6),
(290, '2017-07-18', 'libre', 3, 6),
(291, '2017-07-19', 'libre', 3, 6),
(292, '2017-07-20', 'libre', 3, 6),
(293, '2017-07-21', 'libre', 3, 6),
(294, '2017-07-22', 'libre', 3, 6),
(295, '2017-07-23', 'libre', 3, 6),
(296, '2017-07-24', 'libre', 3, 6),
(297, '2017-07-25', 'libre', 3, 6),
(298, '2017-07-26', 'libre', 3, 6),
(299, '2017-07-27', 'libre', 3, 6),
(300, '2017-07-28', 'libre', 3, 6),
(301, '2017-07-29', 'libre', 3, 6),
(302, '2017-07-30', 'libre', 3, 6),
(303, '2017-07-31', 'libre', 3, 6),
(304, '2017-08-01', 'libre', 3, 6),
(305, '2017-08-02', 'libre', 3, 6),
(306, '2017-08-03', 'libre', 3, 6),
(307, '2017-08-04', 'libre', 3, 6),
(308, '2017-08-05', 'libre', 3, 6),
(309, '2017-08-06', 'libre', 3, 6),
(310, '2017-08-07', 'libre', 3, 6),
(311, '2017-08-08', 'libre', 3, 6),
(312, '2017-08-09', 'libre', 3, 6),
(313, '2017-08-10', 'libre', 3, 6),
(314, '2017-08-11', 'libre', 3, 6),
(315, '2017-08-12', 'libre', 3, 6),
(316, '2017-08-13', 'libre', 3, 6),
(317, '2017-08-14', 'libre', 3, 6),
(318, '2017-08-15', 'libre', 3, 6),
(319, '2017-08-16', 'libre', 3, 6),
(320, '2017-08-17', 'libre', 3, 6),
(321, '2017-08-18', 'libre', 3, 6),
(322, '2017-08-19', 'libre', 3, 6),
(323, '2017-08-20', 'libre', 3, 6),
(324, '2017-08-21', 'libre', 3, 6),
(325, '2017-08-22', 'libre', 3, 6),
(326, '2017-08-23', 'libre', 3, 6),
(327, '2017-08-24', 'libre', 3, 6),
(328, '2017-08-25', 'libre', 3, 6),
(329, '2017-08-26', 'libre', 3, 6),
(330, '2017-08-27', 'libre', 3, 6),
(331, '2017-08-28', 'libre', 3, 6),
(332, '2017-08-29', 'libre', 3, 6),
(333, '2017-08-30', 'libre', 3, 6),
(334, '2017-08-31', 'libre', 3, 6),
(335, '2017-09-01', 'libre', 3, 6),
(336, '2016-10-02', 'libre', 4, 6),
(337, '2016-10-03', 'libre', 4, 6),
(338, '2016-10-04', 'libre', 4, 6),
(339, '2016-10-05', 'libre', 4, 6),
(340, '2016-10-06', 'libre', 4, 6),
(341, '2016-10-07', 'libre', 4, 6),
(342, '2016-10-08', 'libre', 4, 6),
(343, '2016-10-09', 'libre', 4, 6),
(344, '2016-10-10', 'libre', 4, 6),
(345, '2016-10-11', 'libre', 4, 6),
(346, '2016-10-12', 'libre', 4, 6),
(347, '2016-10-13', 'libre', 4, 6),
(348, '2016-10-14', 'libre', 4, 6),
(349, '2016-10-15', 'libre', 4, 6),
(350, '2016-10-16', 'libre', 4, 6),
(351, '2016-10-17', 'libre', 4, 6),
(352, '2016-10-18', 'libre', 4, 6),
(353, '2016-10-19', 'libre', 4, 6),
(354, '2016-10-20', 'libre', 4, 6),
(355, '2016-10-21', 'libre', 4, 6),
(356, '2016-10-22', 'libre', 4, 6),
(357, '2016-10-23', 'libre', 4, 6),
(358, '2016-10-24', 'libre', 4, 6),
(359, '2016-10-25', 'libre', 4, 6),
(360, '2016-10-26', 'libre', 4, 6),
(361, '2016-10-27', 'libre', 4, 6),
(362, '2016-10-28', 'libre', 4, 6),
(363, '2016-10-29', 'libre', 4, 6),
(364, '2016-10-30', 'libre', 4, 6),
(365, '2016-10-30', 'libre', 4, 6),
(366, '2016-10-31', 'libre', 4, 6),
(367, '2016-11-01', 'libre', 4, 6),
(368, '2016-11-02', 'libre', 4, 6),
(369, '2016-11-03', 'libre', 4, 6),
(370, '2016-11-04', 'libre', 4, 6),
(371, '2016-11-05', 'libre', 4, 6),
(372, '2016-11-06', 'libre', 4, 6),
(373, '2016-11-07', 'libre', 4, 6),
(374, '2016-11-08', 'libre', 4, 6),
(375, '2016-11-09', 'libre', 4, 6),
(376, '2016-11-10', 'libre', 4, 6),
(377, '2016-11-11', 'libre', 4, 6),
(378, '2016-11-12', 'libre', 4, 6),
(379, '2016-11-13', 'libre', 4, 6),
(380, '2016-11-14', 'libre', 4, 6),
(381, '2016-11-15', 'libre', 4, 6),
(382, '2016-11-16', 'libre', 4, 6),
(383, '2016-11-17', 'libre', 4, 6),
(384, '2016-11-18', 'libre', 4, 6),
(385, '2016-11-19', 'libre', 4, 6),
(386, '2016-11-20', 'libre', 4, 6),
(387, '2016-11-21', 'libre', 4, 6),
(388, '2016-11-22', 'libre', 4, 6),
(389, '2016-11-23', 'libre', 4, 6),
(390, '2016-11-24', 'libre', 4, 6),
(391, '2016-11-25', 'libre', 4, 6),
(392, '2016-11-26', 'libre', 4, 6),
(393, '2016-11-27', 'libre', 4, 6),
(394, '2016-11-28', 'libre', 4, 6),
(395, '2016-11-29', 'libre', 4, 6),
(396, '2016-11-30', 'libre', 4, 6),
(397, '2016-12-01', 'libre', 4, 6),
(398, '2016-12-02', 'libre', 4, 6),
(399, '2016-12-03', 'libre', 4, 3),
(400, '2016-12-04', 'libre', 4, 3),
(401, '2016-12-05', 'libre', 4, 3),
(402, '2016-12-06', 'libre', 4, 3),
(403, '2016-12-07', 'libre', 4, 3),
(404, '2016-12-08', 'libre', 4, 3),
(405, '2016-12-09', 'libre', 4, 3),
(406, '2016-12-10', 'libre', 4, 3),
(407, '2016-12-11', 'libre', 4, 3),
(408, '2016-12-12', 'libre', 4, 3),
(409, '2016-12-13', 'libre', 4, 3),
(410, '2016-12-14', 'libre', 4, 3),
(411, '2016-12-15', 'libre', 4, 3),
(412, '2016-12-16', 'libre', 4, 3),
(413, '2016-12-17', 'libre', 4, 3),
(414, '2016-12-18', 'libre', 4, 1),
(415, '2016-12-19', 'libre', 4, 1),
(416, '2016-12-20', 'libre', 4, 1),
(417, '2016-12-21', 'libre', 4, 1),
(418, '2016-12-22', 'libre', 4, 1),
(419, '2016-12-23', 'libre', 4, 1),
(420, '2016-12-24', 'libre', 4, 1),
(421, '2016-12-25', 'libre', 4, 1),
(422, '2016-12-26', 'libre', 4, 1),
(423, '2016-12-27', 'libre', 4, 1),
(424, '2016-12-28', 'libre', 4, 1),
(425, '2016-12-29', 'libre', 4, 1),
(426, '2016-12-30', 'libre', 4, 1),
(427, '2016-12-31', 'libre', 4, 1),
(428, '2017-01-01', 'libre', 4, 1),
(429, '2017-01-02', 'libre', 4, 1),
(430, '2017-01-03', 'libre', 4, 4),
(431, '2017-01-04', 'libre', 4, 4),
(432, '2017-01-05', 'libre', 4, 4),
(433, '2017-01-06', 'libre', 4, 4),
(434, '2017-01-07', 'libre', 4, 4),
(435, '2017-01-08', 'libre', 4, 4),
(436, '2017-01-09', 'libre', 4, 4),
(437, '2017-01-10', 'libre', 4, 4),
(438, '2017-01-11', 'libre', 4, 4),
(439, '2017-01-12', 'libre', 4, 4),
(440, '2017-01-13', 'libre', 4, 4),
(441, '2017-01-14', 'libre', 4, 4),
(442, '2017-01-15', 'libre', 4, 4),
(443, '2017-01-16', 'libre', 4, 4),
(444, '2017-01-17', 'libre', 4, 4),
(445, '2017-01-18', 'libre', 4, 4),
(446, '2017-01-19', 'libre', 4, 4),
(447, '2017-01-20', 'libre', 4, 4),
(448, '2017-01-21', 'libre', 4, 4),
(449, '2017-01-22', 'libre', 4, 4),
(450, '2017-01-23', 'libre', 4, 4),
(451, '2017-01-24', 'libre', 4, 4),
(452, '2017-01-25', 'libre', 4, 4),
(453, '2017-01-26', 'libre', 4, 4),
(454, '2017-01-27', 'libre', 4, 4),
(455, '2017-01-28', 'libre', 4, 4),
(456, '2017-01-29', 'libre', 4, 4),
(457, '2017-01-30', 'libre', 4, 4),
(458, '2017-01-31', 'libre', 4, 4),
(459, '2017-02-01', 'libre', 4, 4),
(460, '2017-02-02', 'libre', 4, 4),
(461, '2017-02-03', 'libre', 4, 4),
(462, '2017-02-04', 'libre', 4, 4),
(463, '2017-02-05', 'libre', 4, 2),
(464, '2017-02-06', 'libre', 4, 2),
(465, '2017-02-07', 'libre', 4, 2),
(466, '2017-02-08', 'libre', 4, 2),
(467, '2017-02-09', 'libre', 4, 2),
(468, '2017-02-10', 'libre', 4, 2),
(469, '2017-02-11', 'libre', 4, 2),
(470, '2017-02-12', 'libre', 4, 2),
(471, '2017-02-13', 'libre', 4, 2),
(472, '2017-02-14', 'libre', 4, 2),
(473, '2017-02-15', 'libre', 4, 2),
(474, '2017-02-16', 'libre', 4, 2),
(475, '2017-02-17', 'libre', 4, 2),
(476, '2017-02-18', 'libre', 4, 2),
(477, '2017-02-19', 'libre', 4, 2),
(478, '2017-02-20', 'libre', 4, 2),
(479, '2017-02-21', 'libre', 4, 2),
(480, '2017-02-22', 'libre', 4, 2),
(481, '2017-02-23', 'libre', 4, 2),
(482, '2017-02-24', 'libre', 4, 2),
(483, '2017-02-25', 'libre', 4, 2),
(484, '2017-02-26', 'libre', 4, 2),
(485, '2017-02-27', 'libre', 4, 2),
(486, '2017-02-28', 'libre', 4, 2),
(487, '2017-03-01', 'libre', 4, 2),
(488, '2017-03-02', 'libre', 4, 2),
(489, '2017-03-03', 'libre', 4, 2),
(490, '2017-03-04', 'libre', 4, 2),
(491, '2017-03-05', 'libre', 4, 5),
(492, '2017-03-06', 'libre', 4, 5),
(493, '2017-03-07', 'libre', 4, 5),
(494, '2017-03-08', 'libre', 4, 5),
(495, '2017-03-09', 'libre', 4, 5),
(496, '2017-03-10', 'libre', 4, 5),
(497, '2017-03-11', 'libre', 4, 5),
(498, '2017-03-12', 'libre', 4, 5),
(499, '2017-03-13', 'libre', 4, 5),
(500, '2017-03-14', 'libre', 4, 5),
(501, '2017-03-15', 'libre', 4, 5),
(502, '2017-03-16', 'libre', 4, 5),
(503, '2017-03-17', 'libre', 4, 5),
(504, '2017-03-18', 'libre', 4, 5),
(505, '2017-03-19', 'libre', 4, 5),
(506, '2017-03-20', 'libre', 4, 5),
(507, '2017-03-21', 'libre', 4, 5),
(508, '2017-03-22', 'libre', 4, 5),
(509, '2017-03-23', 'libre', 4, 5),
(510, '2017-03-24', 'libre', 4, 5),
(511, '2017-03-25', 'libre', 4, 5),
(512, '2017-03-27', 'libre', 4, 5),
(513, '2017-03-28', 'libre', 4, 5),
(514, '2017-03-29', 'libre', 4, 5),
(515, '2017-03-30', 'libre', 4, 5),
(516, '2017-03-31', 'libre', 4, 5),
(517, '2017-04-01', 'libre', 4, 5),
(518, '2017-04-02', 'libre', 4, 5),
(519, '2017-04-03', 'libre', 4, 5),
(520, '2017-04-04', 'libre', 4, 5),
(521, '2017-04-05', 'libre', 4, 5),
(522, '2017-04-06', 'libre', 4, 5),
(523, '2017-04-07', 'libre', 4, 5),
(524, '2017-04-08', 'libre', 4, 5),
(525, '2017-04-09', 'libre', 4, 5),
(526, '2017-04-10', 'libre', 4, 6),
(527, '2017-04-11', 'libre', 4, 6),
(528, '2017-04-12', 'libre', 4, 6),
(529, '2017-04-13', 'libre', 4, 6),
(530, '2017-04-14', 'libre', 4, 6),
(531, '2017-04-15', 'libre', 4, 6),
(532, '2017-04-16', 'libre', 4, 6),
(533, '2017-04-17', 'libre', 4, 6),
(534, '2017-04-18', 'libre', 4, 6),
(535, '2017-04-19', 'libre', 4, 6),
(536, '2017-04-20', 'libre', 4, 6),
(537, '2017-04-21', 'libre', 4, 6),
(538, '2017-04-22', 'libre', 4, 6),
(539, '2017-04-23', 'libre', 4, 6),
(540, '2017-04-24', 'libre', 4, 6),
(541, '2017-04-25', 'libre', 4, 6),
(542, '2017-04-26', 'libre', 4, 6),
(543, '2017-04-27', 'libre', 4, 6),
(544, '2017-04-28', 'libre', 4, 6),
(545, '2017-04-29', 'libre', 4, 6),
(546, '2017-04-30', 'libre', 4, 6),
(547, '2017-05-01', 'libre', 4, 6),
(548, '2017-05-02', 'libre', 4, 6),
(549, '2017-05-03', 'libre', 4, 6),
(550, '2017-05-04', 'libre', 4, 6),
(551, '2017-05-05', 'libre', 4, 6),
(552, '2017-05-06', 'libre', 4, 6),
(553, '2017-05-07', 'libre', 4, 6),
(554, '2017-05-08', 'libre', 4, 6),
(555, '2017-05-09', 'libre', 4, 6),
(556, '2017-05-10', 'libre', 4, 6),
(557, '2017-05-11', 'libre', 4, 6),
(558, '2017-05-12', 'libre', 4, 6),
(559, '2017-05-13', 'libre', 4, 6),
(560, '2017-05-14', 'libre', 4, 6),
(561, '2017-05-15', 'libre', 4, 6),
(562, '2017-05-16', 'libre', 4, 6),
(563, '2017-05-17', 'libre', 4, 6),
(564, '2017-05-18', 'libre', 4, 6),
(565, '2017-05-19', 'libre', 4, 6),
(566, '2017-05-20', 'libre', 4, 6),
(567, '2017-05-21', 'libre', 4, 6),
(568, '2017-05-22', 'libre', 4, 6),
(569, '2017-05-23', 'libre', 4, 6),
(570, '2017-05-24', 'libre', 4, 6),
(571, '2017-05-25', 'libre', 4, 6),
(572, '2017-05-26', 'libre', 4, 6),
(573, '2017-05-27', 'libre', 4, 6),
(574, '2017-05-28', 'libre', 4, 6),
(575, '2017-05-29', 'libre', 4, 6),
(576, '2017-05-30', 'libre', 4, 6),
(577, '2017-05-31', 'libre', 4, 6),
(578, '2017-06-01', 'libre', 4, 6),
(579, '2017-06-02', 'libre', 4, 6),
(580, '2017-06-03', 'libre', 4, 6),
(581, '2017-06-04', 'libre', 4, 6),
(582, '2017-06-05', 'libre', 4, 6),
(583, '2017-06-06', 'libre', 4, 6),
(584, '2017-06-07', 'libre', 4, 6),
(585, '2017-06-08', 'libre', 4, 6),
(586, '2017-06-09', 'libre', 4, 6),
(587, '2017-06-10', 'libre', 4, 6),
(588, '2017-06-11', 'libre', 4, 6),
(589, '2017-06-12', 'libre', 4, 6),
(590, '2017-06-13', 'libre', 4, 6),
(591, '2017-06-14', 'libre', 4, 6),
(592, '2017-06-15', 'libre', 4, 6),
(593, '2017-06-16', 'libre', 4, 6),
(594, '2017-06-17', 'libre', 4, 6),
(595, '2017-06-18', 'libre', 4, 6),
(596, '2017-06-19', 'libre', 4, 6),
(597, '2017-06-20', 'libre', 4, 6),
(598, '2017-06-21', 'libre', 4, 6),
(599, '2017-06-22', 'libre', 4, 6),
(600, '2017-06-23', 'libre', 4, 6),
(601, '2017-06-24', 'libre', 4, 6),
(602, '2017-06-25', 'libre', 4, 6),
(603, '2017-06-26', 'libre', 4, 6),
(604, '2017-06-27', 'libre', 4, 6),
(605, '2017-06-28', 'libre', 4, 6),
(606, '2017-06-29', 'libre', 4, 6),
(607, '2017-06-30', 'libre', 4, 6),
(608, '2017-07-01', 'libre', 4, 6),
(609, '2017-07-02', 'libre', 4, 6),
(610, '2017-07-03', 'libre', 4, 6),
(611, '2017-07-04', 'libre', 4, 6),
(612, '2017-07-05', 'libre', 4, 6),
(613, '2017-07-06', 'libre', 4, 6),
(614, '2017-07-07', 'libre', 4, 6),
(615, '2017-07-08', 'libre', 4, 6),
(616, '2017-07-09', 'libre', 4, 6),
(617, '2017-07-10', 'libre', 4, 6),
(618, '2017-07-11', 'libre', 4, 6),
(619, '2017-07-12', 'libre', 4, 6),
(620, '2017-07-13', 'libre', 4, 6),
(621, '2017-07-14', 'libre', 4, 6),
(622, '2017-07-15', 'libre', 4, 6),
(623, '2017-07-16', 'libre', 4, 6),
(624, '2017-07-17', 'libre', 4, 6),
(625, '2017-07-18', 'libre', 4, 6),
(626, '2017-07-19', 'libre', 4, 6),
(627, '2017-07-20', 'libre', 4, 6),
(628, '2017-07-21', 'libre', 4, 6),
(629, '2017-07-22', 'libre', 4, 6),
(630, '2017-07-23', 'libre', 4, 6),
(631, '2017-07-24', 'libre', 4, 6),
(632, '2017-07-25', 'libre', 4, 6),
(633, '2017-07-26', 'libre', 4, 6),
(634, '2017-07-27', 'libre', 4, 6),
(635, '2017-07-28', 'libre', 4, 6),
(636, '2017-07-29', 'libre', 4, 6),
(637, '2017-07-30', 'libre', 4, 6),
(638, '2017-07-31', 'libre', 4, 6),
(639, '2017-08-01', 'libre', 4, 6),
(640, '2017-08-02', 'libre', 4, 6),
(641, '2017-08-03', 'libre', 4, 6),
(642, '2017-08-04', 'libre', 4, 6),
(643, '2017-08-05', 'libre', 4, 6),
(644, '2017-08-06', 'libre', 4, 6),
(645, '2017-08-07', 'libre', 4, 6),
(646, '2017-08-08', 'libre', 4, 6),
(647, '2017-08-09', 'libre', 4, 6),
(648, '2017-08-10', 'libre', 4, 6),
(649, '2017-08-11', 'libre', 4, 6),
(650, '2017-08-12', 'libre', 4, 6),
(651, '2017-08-13', 'libre', 4, 6),
(652, '2017-08-14', 'libre', 4, 6),
(653, '2017-08-15', 'libre', 4, 6),
(654, '2017-08-16', 'libre', 4, 6),
(655, '2017-08-17', 'libre', 4, 6),
(656, '2017-08-18', 'libre', 4, 6),
(657, '2017-08-19', 'libre', 4, 6),
(658, '2017-08-20', 'libre', 4, 6),
(659, '2017-08-21', 'libre', 4, 6),
(660, '2017-08-22', 'libre', 4, 6),
(661, '2017-08-23', 'libre', 4, 6),
(662, '2017-08-24', 'libre', 4, 6),
(663, '2017-08-25', 'libre', 4, 6),
(664, '2017-08-26', 'libre', 4, 6),
(665, '2017-08-27', 'libre', 4, 6),
(666, '2017-08-28', 'libre', 4, 6),
(667, '2017-08-29', 'libre', 4, 6),
(668, '2017-08-30', 'libre', 4, 6),
(669, '2017-08-31', 'libre', 4, 6),
(670, '2017-09-01', 'libre', 4, 6),
(671, '2016-10-02', 'libre', 5, 6),
(672, '2016-10-03', 'libre', 5, 6),
(673, '2016-10-04', 'libre', 5, 6),
(674, '2016-10-05', 'libre', 5, 6),
(675, '2016-10-06', 'libre', 5, 6),
(676, '2016-10-07', 'libre', 5, 6),
(677, '2016-10-08', 'libre', 5, 6),
(678, '2016-10-09', 'libre', 5, 6),
(679, '2016-10-10', 'libre', 5, 6),
(680, '2016-10-11', 'libre', 5, 6),
(681, '2016-10-12', 'libre', 5, 6),
(682, '2016-10-13', 'libre', 5, 6),
(683, '2016-10-14', 'libre', 5, 6),
(684, '2016-10-15', 'libre', 5, 6),
(685, '2016-10-16', 'libre', 5, 6),
(686, '2016-10-17', 'libre', 5, 6),
(687, '2016-10-18', 'libre', 5, 6),
(688, '2016-10-19', 'libre', 5, 6),
(689, '2016-10-20', 'libre', 5, 6),
(690, '2016-10-21', 'libre', 5, 6),
(691, '2016-10-22', 'libre', 5, 6),
(692, '2016-10-23', 'libre', 5, 6),
(693, '2016-10-24', 'libre', 5, 6),
(694, '2016-10-25', 'libre', 5, 6),
(695, '2016-10-26', 'libre', 5, 6),
(696, '2016-10-27', 'libre', 5, 6),
(697, '2016-10-28', 'libre', 5, 6),
(698, '2016-10-29', 'libre', 5, 6),
(699, '2016-10-30', 'libre', 5, 6),
(700, '2016-10-30', 'libre', 5, 6),
(701, '2016-10-31', 'libre', 5, 6),
(702, '2016-11-01', 'libre', 5, 6),
(703, '2016-11-02', 'libre', 5, 6),
(704, '2016-11-03', 'libre', 5, 6),
(705, '2016-11-04', 'libre', 5, 6),
(706, '2016-11-05', 'libre', 5, 6),
(707, '2016-11-06', 'libre', 5, 6),
(708, '2016-11-07', 'libre', 5, 6),
(709, '2016-11-08', 'libre', 5, 6),
(710, '2016-11-09', 'libre', 5, 6),
(711, '2016-11-10', 'libre', 5, 6),
(712, '2016-11-11', 'libre', 5, 6),
(713, '2016-11-12', 'libre', 5, 6),
(714, '2016-11-13', 'libre', 5, 6),
(715, '2016-11-14', 'libre', 5, 6),
(716, '2016-11-15', 'libre', 5, 6),
(717, '2016-11-16', 'libre', 5, 6),
(718, '2016-11-17', 'libre', 5, 6),
(719, '2016-11-18', 'libre', 5, 6),
(720, '2016-11-19', 'libre', 5, 6),
(721, '2016-11-20', 'libre', 5, 6),
(722, '2016-11-21', 'libre', 5, 6),
(723, '2016-11-22', 'libre', 5, 6),
(724, '2016-11-23', 'libre', 5, 6),
(725, '2016-11-24', 'libre', 5, 6),
(726, '2016-11-25', 'libre', 5, 6),
(727, '2016-11-26', 'libre', 5, 6),
(728, '2016-11-27', 'libre', 5, 6),
(729, '2016-11-28', 'libre', 5, 6),
(730, '2016-11-29', 'libre', 5, 6),
(731, '2016-11-30', 'libre', 5, 6),
(732, '2016-12-01', 'libre', 5, 6),
(733, '2016-12-02', 'libre', 5, 6),
(734, '2016-12-03', 'libre', 5, 3),
(735, '2016-12-04', 'libre', 5, 3),
(736, '2016-12-05', 'libre', 5, 3),
(737, '2016-12-06', 'libre', 5, 3),
(738, '2016-12-07', 'libre', 5, 3),
(739, '2016-12-08', 'libre', 5, 3),
(740, '2016-12-09', 'libre', 5, 3),
(741, '2016-12-10', 'libre', 5, 3),
(742, '2016-12-11', 'libre', 5, 3),
(743, '2016-12-12', 'libre', 5, 3),
(744, '2016-12-13', 'libre', 5, 3),
(745, '2016-12-14', 'libre', 5, 3),
(746, '2016-12-15', 'libre', 5, 3),
(747, '2016-12-16', 'libre', 5, 3),
(748, '2016-12-17', 'libre', 5, 3),
(749, '2016-12-18', 'libre', 5, 1),
(750, '2016-12-19', 'libre', 5, 1),
(751, '2016-12-20', 'libre', 5, 1),
(752, '2016-12-21', 'libre', 5, 1),
(753, '2016-12-22', 'libre', 5, 1),
(754, '2016-12-23', 'libre', 5, 1),
(755, '2016-12-24', 'libre', 5, 1),
(756, '2016-12-25', 'libre', 5, 1),
(757, '2016-12-26', 'libre', 5, 1),
(758, '2016-12-27', 'libre', 5, 1),
(759, '2016-12-28', 'libre', 5, 1),
(760, '2016-12-29', 'libre', 5, 1),
(761, '2016-12-30', 'libre', 5, 1),
(762, '2016-12-31', 'libre', 5, 1),
(763, '2017-01-01', 'libre', 5, 1),
(764, '2017-01-02', 'libre', 5, 1),
(765, '2017-01-03', 'libre', 5, 4),
(766, '2017-01-04', 'libre', 5, 4),
(767, '2017-01-05', 'libre', 5, 4),
(768, '2017-01-06', 'libre', 5, 4),
(769, '2017-01-07', 'libre', 5, 4),
(770, '2017-01-08', 'libre', 5, 4),
(771, '2017-01-09', 'libre', 5, 4),
(772, '2017-01-10', 'libre', 5, 4),
(773, '2017-01-11', 'libre', 5, 4),
(774, '2017-01-12', 'libre', 5, 4),
(775, '2017-01-13', 'libre', 5, 4),
(776, '2017-01-14', 'libre', 5, 4),
(777, '2017-01-15', 'libre', 5, 4),
(778, '2017-01-16', 'libre', 5, 4),
(779, '2017-01-17', 'libre', 5, 4),
(780, '2017-01-18', 'libre', 5, 4),
(781, '2017-01-19', 'libre', 5, 4),
(782, '2017-01-20', 'libre', 5, 4),
(783, '2017-01-21', 'libre', 5, 4),
(784, '2017-01-22', 'libre', 5, 4),
(785, '2017-01-23', 'libre', 5, 4),
(786, '2017-01-24', 'libre', 5, 4),
(787, '2017-01-25', 'libre', 5, 4),
(788, '2017-01-26', 'libre', 5, 4),
(789, '2017-01-27', 'libre', 5, 4),
(790, '2017-01-28', 'libre', 5, 4),
(791, '2017-01-29', 'libre', 5, 4),
(792, '2017-01-30', 'libre', 5, 4),
(793, '2017-01-31', 'libre', 5, 4),
(794, '2017-02-01', 'libre', 5, 4),
(795, '2017-02-02', 'libre', 5, 4),
(796, '2017-02-03', 'libre', 5, 4),
(797, '2017-02-04', 'libre', 5, 4),
(798, '2017-02-05', 'libre', 5, 2),
(799, '2017-02-06', 'libre', 5, 2),
(800, '2017-02-07', 'libre', 5, 2),
(801, '2017-02-08', 'libre', 5, 2),
(802, '2017-02-09', 'libre', 5, 2),
(803, '2017-02-10', 'libre', 5, 2),
(804, '2017-02-11', 'libre', 5, 2),
(805, '2017-02-12', 'libre', 5, 2),
(806, '2017-02-13', 'libre', 5, 2),
(807, '2017-02-14', 'libre', 5, 2),
(808, '2017-02-15', 'libre', 5, 2),
(809, '2017-02-16', 'libre', 5, 2),
(810, '2017-02-17', 'libre', 5, 2),
(811, '2017-02-18', 'libre', 5, 2),
(812, '2017-02-19', 'libre', 5, 2),
(813, '2017-02-20', 'libre', 5, 2),
(814, '2017-02-21', 'libre', 5, 2),
(815, '2017-02-22', 'libre', 5, 2),
(816, '2017-02-23', 'libre', 5, 2),
(817, '2017-02-24', 'libre', 5, 2),
(818, '2017-02-25', 'libre', 5, 2),
(819, '2017-02-26', 'libre', 5, 2),
(820, '2017-02-27', 'libre', 5, 2),
(821, '2017-02-28', 'libre', 5, 2),
(822, '2017-03-01', 'libre', 5, 2),
(823, '2017-03-02', 'libre', 5, 2),
(824, '2017-03-03', 'libre', 5, 2),
(825, '2017-03-04', 'libre', 5, 2),
(826, '2017-03-05', 'libre', 5, 5),
(827, '2017-03-06', 'libre', 5, 5),
(828, '2017-03-07', 'libre', 5, 5),
(829, '2017-03-08', 'libre', 5, 5),
(830, '2017-03-09', 'libre', 5, 5),
(831, '2017-03-10', 'libre', 5, 5),
(832, '2017-03-11', 'libre', 5, 5),
(833, '2017-03-12', 'libre', 5, 5),
(834, '2017-03-13', 'libre', 5, 5),
(835, '2017-03-14', 'libre', 5, 5),
(836, '2017-03-15', 'libre', 5, 5),
(837, '2017-03-16', 'libre', 5, 5),
(838, '2017-03-17', 'libre', 5, 5),
(839, '2017-03-18', 'libre', 5, 5),
(840, '2017-03-19', 'libre', 5, 5),
(841, '2017-03-20', 'libre', 5, 5),
(842, '2017-03-21', 'libre', 5, 5),
(843, '2017-03-22', 'libre', 5, 5),
(844, '2017-03-23', 'libre', 5, 5),
(845, '2017-03-24', 'libre', 5, 5),
(846, '2017-03-25', 'libre', 5, 5),
(847, '2017-03-27', 'libre', 5, 5),
(848, '2017-03-28', 'libre', 5, 5),
(849, '2017-03-29', 'libre', 5, 5),
(850, '2017-03-30', 'libre', 5, 5),
(851, '2017-03-31', 'libre', 5, 5),
(852, '2017-04-01', 'libre', 5, 5),
(853, '2017-04-02', 'libre', 5, 5),
(854, '2017-04-03', 'libre', 5, 5),
(855, '2017-04-04', 'libre', 5, 5),
(856, '2017-04-05', 'libre', 5, 5),
(857, '2017-04-06', 'libre', 5, 5),
(858, '2017-04-07', 'libre', 5, 5),
(859, '2017-04-08', 'libre', 5, 5),
(860, '2017-04-09', 'libre', 5, 5),
(861, '2017-04-10', 'libre', 5, 6),
(862, '2017-04-11', 'libre', 5, 6),
(863, '2017-04-12', 'libre', 5, 6),
(864, '2017-04-13', 'libre', 5, 6),
(865, '2017-04-14', 'libre', 5, 6),
(866, '2017-04-15', 'libre', 5, 6),
(867, '2017-04-16', 'libre', 5, 6),
(868, '2017-04-17', 'libre', 5, 6),
(869, '2017-04-18', 'libre', 5, 6),
(870, '2017-04-19', 'libre', 5, 6),
(871, '2017-04-20', 'libre', 5, 6),
(872, '2017-04-21', 'libre', 5, 6),
(873, '2017-04-22', 'libre', 5, 6),
(874, '2017-04-23', 'libre', 5, 6),
(875, '2017-04-24', 'libre', 5, 6),
(876, '2017-04-25', 'libre', 5, 6),
(877, '2017-04-26', 'libre', 5, 6),
(878, '2017-04-27', 'libre', 5, 6),
(879, '2017-04-28', 'libre', 5, 6),
(880, '2017-04-29', 'libre', 5, 6),
(881, '2017-04-30', 'libre', 5, 6),
(882, '2017-05-01', 'libre', 5, 6),
(883, '2017-05-02', 'libre', 5, 6),
(884, '2017-05-03', 'libre', 5, 6),
(885, '2017-05-04', 'libre', 5, 6),
(886, '2017-05-05', 'libre', 5, 6),
(887, '2017-05-06', 'libre', 5, 6),
(888, '2017-05-07', 'libre', 5, 6),
(889, '2017-05-08', 'libre', 5, 6),
(890, '2017-05-09', 'libre', 5, 6),
(891, '2017-05-10', 'libre', 5, 6),
(892, '2017-05-11', 'libre', 5, 6),
(893, '2017-05-12', 'libre', 5, 6),
(894, '2017-05-13', 'libre', 5, 6),
(895, '2017-05-14', 'libre', 5, 6),
(896, '2017-05-15', 'libre', 5, 6),
(897, '2017-05-16', 'libre', 5, 6),
(898, '2017-05-17', 'libre', 5, 6),
(899, '2017-05-18', 'libre', 5, 6),
(900, '2017-05-19', 'libre', 5, 6),
(901, '2017-05-20', 'libre', 5, 6),
(902, '2017-05-21', 'libre', 5, 6),
(903, '2017-05-22', 'libre', 5, 6),
(904, '2017-05-23', 'libre', 5, 6),
(905, '2017-05-24', 'libre', 5, 6),
(906, '2017-05-25', 'libre', 5, 6),
(907, '2017-05-26', 'libre', 5, 6),
(908, '2017-05-27', 'libre', 5, 6),
(909, '2017-05-28', 'libre', 5, 6),
(910, '2017-05-29', 'libre', 5, 6),
(911, '2017-05-30', 'libre', 5, 6),
(912, '2017-05-31', 'libre', 5, 6),
(913, '2017-06-01', 'libre', 5, 6),
(914, '2017-06-02', 'libre', 5, 6),
(915, '2017-06-03', 'libre', 5, 6),
(916, '2017-06-04', 'libre', 5, 6),
(917, '2017-06-05', 'libre', 5, 6),
(918, '2017-06-06', 'libre', 5, 6),
(919, '2017-06-07', 'libre', 5, 6),
(920, '2017-06-08', 'libre', 5, 6),
(921, '2017-06-09', 'libre', 5, 6),
(922, '2017-06-10', 'libre', 5, 6),
(923, '2017-06-11', 'libre', 5, 6),
(924, '2017-06-12', 'libre', 5, 6),
(925, '2017-06-13', 'libre', 5, 6),
(926, '2017-06-14', 'libre', 5, 6),
(927, '2017-06-15', 'libre', 5, 6),
(928, '2017-06-16', 'libre', 5, 6),
(929, '2017-06-17', 'libre', 5, 6),
(930, '2017-06-18', 'libre', 5, 6),
(931, '2017-06-19', 'libre', 5, 6),
(932, '2017-06-20', 'libre', 5, 6),
(933, '2017-06-21', 'libre', 5, 6),
(934, '2017-06-22', 'libre', 5, 6),
(935, '2017-06-23', 'libre', 5, 6),
(936, '2017-06-24', 'libre', 5, 6),
(937, '2017-06-25', 'libre', 5, 6),
(938, '2017-06-26', 'libre', 5, 6),
(939, '2017-06-27', 'libre', 5, 6),
(940, '2017-06-28', 'libre', 5, 6),
(941, '2017-06-29', 'libre', 5, 6),
(942, '2017-06-30', 'libre', 5, 6),
(943, '2017-07-01', 'libre', 5, 6),
(944, '2017-07-02', 'libre', 5, 6),
(945, '2017-07-03', 'libre', 5, 6),
(946, '2017-07-04', 'libre', 5, 6),
(947, '2017-07-05', 'libre', 5, 6),
(948, '2017-07-06', 'libre', 5, 6),
(949, '2017-07-07', 'libre', 5, 6),
(950, '2017-07-08', 'libre', 5, 6),
(951, '2017-07-09', 'libre', 5, 6),
(952, '2017-07-10', 'libre', 5, 6),
(953, '2017-07-11', 'libre', 5, 6),
(954, '2017-07-12', 'libre', 5, 6),
(955, '2017-07-13', 'libre', 5, 6),
(956, '2017-07-14', 'libre', 5, 6),
(957, '2017-07-15', 'libre', 5, 6),
(958, '2017-07-16', 'libre', 5, 6),
(959, '2017-07-17', 'libre', 5, 6),
(960, '2017-07-18', 'libre', 5, 6),
(961, '2017-07-19', 'libre', 5, 6),
(962, '2017-07-20', 'libre', 5, 6),
(963, '2017-07-21', 'libre', 5, 6),
(964, '2017-07-22', 'libre', 5, 6),
(965, '2017-07-23', 'libre', 5, 6),
(966, '2017-07-24', 'libre', 5, 6),
(967, '2017-07-25', 'libre', 5, 6),
(968, '2017-07-26', 'libre', 5, 6),
(969, '2017-07-27', 'libre', 5, 6),
(970, '2017-07-28', 'libre', 5, 6),
(971, '2017-07-29', 'libre', 5, 6),
(972, '2017-07-30', 'libre', 5, 6),
(973, '2017-07-31', 'libre', 5, 6),
(974, '2017-08-01', 'libre', 5, 6),
(975, '2017-08-02', 'libre', 5, 6),
(976, '2017-08-03', 'libre', 5, 6),
(977, '2017-08-04', 'libre', 5, 6),
(978, '2017-08-05', 'libre', 5, 6),
(979, '2017-08-06', 'libre', 5, 6),
(980, '2017-08-07', 'libre', 5, 6),
(981, '2017-08-08', 'libre', 5, 6),
(982, '2017-08-09', 'libre', 5, 6),
(983, '2017-08-10', 'libre', 5, 6),
(984, '2017-08-11', 'libre', 5, 6),
(985, '2017-08-12', 'libre', 5, 6),
(986, '2017-08-13', 'libre', 5, 6),
(987, '2017-08-14', 'libre', 5, 6),
(988, '2017-08-15', 'libre', 5, 6),
(989, '2017-08-16', 'libre', 5, 6),
(990, '2017-08-17', 'libre', 5, 6),
(991, '2017-08-18', 'libre', 5, 6),
(992, '2017-08-19', 'libre', 5, 6),
(993, '2017-08-20', 'libre', 5, 6),
(994, '2017-08-21', 'libre', 5, 6),
(995, '2017-08-22', 'libre', 5, 6),
(996, '2017-08-23', 'libre', 5, 6),
(997, '2017-08-24', 'libre', 5, 6),
(998, '2017-08-25', 'libre', 5, 6),
(999, '2017-08-26', 'libre', 5, 6),
(1000, '2017-08-27', 'libre', 5, 6),
(1001, '2017-08-28', 'libre', 5, 6),
(1002, '2017-08-29', 'libre', 5, 6),
(1003, '2017-08-30', 'libre', 5, 6),
(1004, '2017-08-31', 'libre', 5, 6),
(1005, '2017-09-01', 'libre', 5, 6),
(1006, '2016-10-02', 'libre', 6, 6),
(1007, '2016-10-03', 'libre', 6, 6),
(1008, '2016-10-04', 'libre', 6, 6),
(1009, '2016-10-05', 'libre', 6, 6),
(1010, '2016-10-06', 'libre', 6, 6),
(1011, '2016-10-07', 'libre', 6, 6),
(1012, '2016-10-08', 'libre', 6, 6),
(1013, '2016-10-09', 'libre', 6, 6),
(1014, '2016-10-10', 'libre', 6, 6),
(1015, '2016-10-11', 'libre', 6, 6),
(1016, '2016-10-12', 'libre', 6, 6),
(1017, '2016-10-13', 'libre', 6, 6),
(1018, '2016-10-14', 'libre', 6, 6),
(1019, '2016-10-15', 'libre', 6, 6),
(1020, '2016-10-16', 'libre', 6, 6),
(1021, '2016-10-17', 'libre', 6, 6),
(1022, '2016-10-18', 'libre', 6, 6),
(1023, '2016-10-19', 'libre', 6, 6),
(1024, '2016-10-20', 'libre', 6, 6),
(1025, '2016-10-21', 'libre', 6, 6),
(1026, '2016-10-22', 'libre', 6, 6),
(1027, '2016-10-23', 'libre', 6, 6),
(1028, '2016-10-24', 'libre', 6, 6),
(1029, '2016-10-25', 'libre', 6, 6),
(1030, '2016-10-26', 'libre', 6, 6),
(1031, '2016-10-27', 'libre', 6, 6),
(1032, '2016-10-28', 'libre', 6, 6),
(1033, '2016-10-29', 'libre', 6, 6),
(1034, '2016-10-30', 'libre', 6, 6),
(1035, '2016-10-30', 'libre', 6, 6),
(1036, '2016-10-31', 'libre', 6, 6),
(1037, '2016-11-01', 'libre', 6, 6),
(1038, '2016-11-02', 'libre', 6, 6),
(1039, '2016-11-03', 'libre', 6, 6),
(1040, '2016-11-04', 'libre', 6, 6),
(1041, '2016-11-05', 'libre', 6, 6),
(1042, '2016-11-06', 'libre', 6, 6),
(1043, '2016-11-07', 'libre', 6, 6),
(1044, '2016-11-08', 'libre', 6, 6),
(1045, '2016-11-09', 'libre', 6, 6),
(1046, '2016-11-10', 'libre', 6, 6),
(1047, '2016-11-11', 'libre', 6, 6),
(1048, '2016-11-12', 'libre', 6, 6),
(1049, '2016-11-13', 'libre', 6, 6),
(1050, '2016-11-14', 'libre', 6, 6),
(1051, '2016-11-15', 'libre', 6, 6),
(1052, '2016-11-16', 'libre', 6, 6),
(1053, '2016-11-17', 'libre', 6, 6),
(1054, '2016-11-18', 'libre', 6, 6),
(1055, '2016-11-19', 'libre', 6, 6),
(1056, '2016-11-20', 'libre', 6, 6),
(1057, '2016-11-21', 'libre', 6, 6),
(1058, '2016-11-22', 'libre', 6, 6),
(1059, '2016-11-23', 'libre', 6, 6),
(1060, '2016-11-24', 'libre', 6, 6),
(1061, '2016-11-25', 'libre', 6, 6),
(1062, '2016-11-26', 'libre', 6, 6),
(1063, '2016-11-27', 'libre', 6, 6),
(1064, '2016-11-28', 'libre', 6, 6),
(1065, '2016-11-29', 'libre', 6, 6),
(1066, '2016-11-30', 'libre', 6, 6),
(1067, '2016-12-01', 'libre', 6, 6),
(1068, '2016-12-02', 'libre', 6, 6),
(1069, '2016-12-03', 'libre', 6, 3),
(1070, '2016-12-04', 'libre', 6, 3),
(1071, '2016-12-05', 'libre', 6, 3),
(1072, '2016-12-06', 'libre', 6, 3),
(1073, '2016-12-07', 'libre', 6, 3),
(1074, '2016-12-08', 'libre', 6, 3),
(1075, '2016-12-09', 'libre', 6, 3),
(1076, '2016-12-10', 'libre', 6, 3),
(1077, '2016-12-11', 'libre', 6, 3),
(1078, '2016-12-12', 'libre', 6, 3),
(1079, '2016-12-13', 'libre', 6, 3),
(1080, '2016-12-14', 'libre', 6, 3),
(1081, '2016-12-15', 'libre', 6, 3),
(1082, '2016-12-16', 'libre', 6, 3),
(1083, '2016-12-17', 'libre', 6, 3),
(1084, '2016-12-18', 'libre', 6, 1),
(1085, '2016-12-19', 'libre', 6, 1),
(1086, '2016-12-20', 'libre', 6, 1),
(1087, '2016-12-21', 'libre', 6, 1),
(1088, '2016-12-22', 'libre', 6, 1),
(1089, '2016-12-23', 'libre', 6, 1),
(1090, '2016-12-24', 'libre', 6, 1),
(1091, '2016-12-25', 'libre', 6, 1),
(1092, '2016-12-26', 'libre', 6, 1),
(1093, '2016-12-27', 'libre', 6, 1),
(1094, '2016-12-28', 'libre', 6, 1),
(1095, '2016-12-29', 'libre', 6, 1),
(1096, '2016-12-30', 'libre', 6, 1),
(1097, '2016-12-31', 'libre', 6, 1),
(1098, '2017-01-01', 'libre', 6, 1),
(1099, '2017-01-02', 'libre', 6, 1),
(1100, '2017-01-03', 'libre', 6, 4),
(1101, '2017-01-04', 'libre', 6, 4),
(1102, '2017-01-05', 'libre', 6, 4),
(1103, '2017-01-06', 'libre', 6, 4),
(1104, '2017-01-07', 'libre', 6, 4),
(1105, '2017-01-08', 'libre', 6, 4),
(1106, '2017-01-09', 'libre', 6, 4),
(1107, '2017-01-10', 'libre', 6, 4),
(1108, '2017-01-11', 'libre', 6, 4),
(1109, '2017-01-12', 'libre', 6, 4),
(1110, '2017-01-13', 'libre', 6, 4),
(1111, '2017-01-14', 'libre', 6, 4),
(1112, '2017-01-15', 'libre', 6, 4),
(1113, '2017-01-16', 'libre', 6, 4),
(1114, '2017-01-17', 'libre', 6, 4),
(1115, '2017-01-18', 'libre', 6, 4),
(1116, '2017-01-19', 'libre', 6, 4),
(1117, '2017-01-20', 'libre', 6, 4),
(1118, '2017-01-21', 'libre', 6, 4),
(1119, '2017-01-22', 'libre', 6, 4),
(1120, '2017-01-23', 'libre', 6, 4),
(1121, '2017-01-24', 'libre', 6, 4),
(1122, '2017-01-25', 'libre', 6, 4),
(1123, '2017-01-26', 'libre', 6, 4),
(1124, '2017-01-27', 'libre', 6, 4),
(1125, '2017-01-28', 'libre', 6, 4),
(1126, '2017-01-29', 'libre', 6, 4),
(1127, '2017-01-30', 'libre', 6, 4),
(1128, '2017-01-31', 'libre', 6, 4),
(1129, '2017-02-01', 'libre', 6, 4),
(1130, '2017-02-02', 'libre', 6, 4),
(1131, '2017-02-03', 'libre', 6, 4),
(1132, '2017-02-04', 'libre', 6, 4),
(1133, '2017-02-05', 'libre', 6, 2),
(1134, '2017-02-06', 'libre', 6, 2),
(1135, '2017-02-07', 'libre', 6, 2),
(1136, '2017-02-08', 'libre', 6, 2),
(1137, '2017-02-09', 'libre', 6, 2),
(1138, '2017-02-10', 'libre', 6, 2),
(1139, '2017-02-11', 'libre', 6, 2),
(1140, '2017-02-12', 'libre', 6, 2),
(1141, '2017-02-13', 'libre', 6, 2),
(1142, '2017-02-14', 'libre', 6, 2),
(1143, '2017-02-15', 'libre', 6, 2),
(1144, '2017-02-16', 'libre', 6, 2),
(1145, '2017-02-17', 'libre', 6, 2),
(1146, '2017-02-18', 'libre', 6, 2),
(1147, '2017-02-19', 'libre', 6, 2),
(1148, '2017-02-20', 'libre', 6, 2),
(1149, '2017-02-21', 'libre', 6, 2),
(1150, '2017-02-22', 'libre', 6, 2),
(1151, '2017-02-23', 'libre', 6, 2),
(1152, '2017-02-24', 'libre', 6, 2),
(1153, '2017-02-25', 'libre', 6, 2),
(1154, '2017-02-26', 'libre', 6, 2),
(1155, '2017-02-27', 'libre', 6, 2),
(1156, '2017-02-28', 'libre', 6, 2),
(1157, '2017-03-01', 'libre', 6, 2),
(1158, '2017-03-02', 'libre', 6, 2),
(1159, '2017-03-03', 'libre', 6, 2),
(1160, '2017-03-04', 'libre', 6, 2),
(1161, '2017-03-05', 'libre', 6, 5),
(1162, '2017-03-06', 'libre', 6, 5),
(1163, '2017-03-07', 'libre', 6, 5),
(1164, '2017-03-08', 'libre', 6, 5),
(1165, '2017-03-09', 'libre', 6, 5),
(1166, '2017-03-10', 'libre', 6, 5),
(1167, '2017-03-11', 'libre', 6, 5),
(1168, '2017-03-12', 'libre', 6, 5),
(1169, '2017-03-13', 'libre', 6, 5),
(1170, '2017-03-14', 'libre', 6, 5),
(1171, '2017-03-15', 'libre', 6, 5),
(1172, '2017-03-16', 'libre', 6, 5),
(1173, '2017-03-17', 'libre', 6, 5),
(1174, '2017-03-18', 'libre', 6, 5),
(1175, '2017-03-19', 'libre', 6, 5),
(1176, '2017-03-20', 'libre', 6, 5),
(1177, '2017-03-21', 'libre', 6, 5),
(1178, '2017-03-22', 'libre', 6, 5),
(1179, '2017-03-23', 'libre', 6, 5),
(1180, '2017-03-24', 'libre', 6, 5),
(1181, '2017-03-25', 'libre', 6, 5),
(1182, '2017-03-27', 'libre', 6, 5),
(1183, '2017-03-28', 'libre', 6, 5),
(1184, '2017-03-29', 'libre', 6, 5),
(1185, '2017-03-30', 'libre', 6, 5),
(1186, '2017-03-31', 'libre', 6, 5),
(1187, '2017-04-01', 'libre', 6, 5),
(1188, '2017-04-02', 'libre', 6, 5),
(1189, '2017-04-03', 'libre', 6, 5),
(1190, '2017-04-04', 'libre', 6, 5),
(1191, '2017-04-05', 'libre', 6, 5),
(1192, '2017-04-06', 'libre', 6, 5),
(1193, '2017-04-07', 'libre', 6, 5),
(1194, '2017-04-08', 'libre', 6, 5),
(1195, '2017-04-09', 'libre', 6, 5),
(1196, '2017-04-10', 'libre', 6, 6),
(1197, '2017-04-11', 'libre', 6, 6),
(1198, '2017-04-12', 'libre', 6, 6),
(1199, '2017-04-13', 'libre', 6, 6),
(1200, '2017-04-14', 'libre', 6, 6),
(1201, '2017-04-15', 'libre', 6, 6),
(1202, '2017-04-16', 'libre', 6, 6),
(1203, '2017-04-17', 'libre', 6, 6),
(1204, '2017-04-18', 'libre', 6, 6),
(1205, '2017-04-19', 'libre', 6, 6),
(1206, '2017-04-20', 'libre', 6, 6),
(1207, '2017-04-21', 'libre', 6, 6),
(1208, '2017-04-22', 'libre', 6, 6),
(1209, '2017-04-23', 'libre', 6, 6),
(1210, '2017-04-24', 'libre', 6, 6),
(1211, '2017-04-25', 'libre', 6, 6),
(1212, '2017-04-26', 'libre', 6, 6),
(1213, '2017-04-27', 'libre', 6, 6),
(1214, '2017-04-28', 'libre', 6, 6),
(1215, '2017-04-29', 'libre', 6, 6),
(1216, '2017-04-30', 'libre', 6, 6),
(1217, '2017-05-01', 'libre', 6, 6),
(1218, '2017-05-02', 'libre', 6, 6),
(1219, '2017-05-03', 'libre', 6, 6),
(1220, '2017-05-04', 'libre', 6, 6),
(1221, '2017-05-05', 'libre', 6, 6),
(1222, '2017-05-06', 'libre', 6, 6),
(1223, '2017-05-07', 'libre', 6, 6),
(1224, '2017-05-08', 'libre', 6, 6),
(1225, '2017-05-09', 'libre', 6, 6),
(1226, '2017-05-10', 'libre', 6, 6),
(1227, '2017-05-11', 'libre', 6, 6),
(1228, '2017-05-12', 'libre', 6, 6),
(1229, '2017-05-13', 'libre', 6, 6),
(1230, '2017-05-14', 'libre', 6, 6),
(1231, '2017-05-15', 'libre', 6, 6),
(1232, '2017-05-16', 'libre', 6, 6),
(1233, '2017-05-17', 'libre', 6, 6),
(1234, '2017-05-18', 'libre', 6, 6),
(1235, '2017-05-19', 'libre', 6, 6),
(1236, '2017-05-20', 'libre', 6, 6),
(1237, '2017-05-21', 'libre', 6, 6),
(1238, '2017-05-22', 'libre', 6, 6),
(1239, '2017-05-23', 'libre', 6, 6),
(1240, '2017-05-24', 'libre', 6, 6),
(1241, '2017-05-25', 'libre', 6, 6),
(1242, '2017-05-26', 'libre', 6, 6),
(1243, '2017-05-27', 'libre', 6, 6),
(1244, '2017-05-28', 'libre', 6, 6),
(1245, '2017-05-29', 'libre', 6, 6),
(1246, '2017-05-30', 'libre', 6, 6),
(1247, '2017-05-31', 'libre', 6, 6),
(1248, '2017-06-01', 'libre', 6, 6),
(1249, '2017-06-02', 'libre', 6, 6),
(1250, '2017-06-03', 'libre', 6, 6),
(1251, '2017-06-04', 'libre', 6, 6),
(1252, '2017-06-05', 'libre', 6, 6),
(1253, '2017-06-06', 'libre', 6, 6),
(1254, '2017-06-07', 'libre', 6, 6),
(1255, '2017-06-08', 'libre', 6, 6),
(1256, '2017-06-09', 'libre', 6, 6),
(1257, '2017-06-10', 'libre', 6, 6),
(1258, '2017-06-11', 'libre', 6, 6),
(1259, '2017-06-12', 'libre', 6, 6),
(1260, '2017-06-13', 'libre', 6, 6),
(1261, '2017-06-14', 'libre', 6, 6),
(1262, '2017-06-15', 'libre', 6, 6),
(1263, '2017-06-16', 'libre', 6, 6),
(1264, '2017-06-17', 'libre', 6, 6),
(1265, '2017-06-18', 'libre', 6, 6),
(1266, '2017-06-19', 'libre', 6, 6),
(1267, '2017-06-20', 'libre', 6, 6),
(1268, '2017-06-21', 'libre', 6, 6),
(1269, '2017-06-22', 'libre', 6, 6),
(1270, '2017-06-23', 'libre', 6, 6),
(1271, '2017-06-24', 'libre', 6, 6),
(1272, '2017-06-25', 'libre', 6, 6),
(1273, '2017-06-26', 'libre', 6, 6),
(1274, '2017-06-27', 'libre', 6, 6),
(1275, '2017-06-28', 'libre', 6, 6),
(1276, '2017-06-29', 'libre', 6, 6),
(1277, '2017-06-30', 'libre', 6, 6),
(1278, '2017-07-01', 'libre', 6, 6),
(1279, '2017-07-02', 'libre', 6, 6),
(1280, '2017-07-03', 'libre', 6, 6),
(1281, '2017-07-04', 'libre', 6, 6),
(1282, '2017-07-05', 'libre', 6, 6),
(1283, '2017-07-06', 'libre', 6, 6),
(1284, '2017-07-07', 'libre', 6, 6),
(1285, '2017-07-08', 'libre', 6, 6),
(1286, '2017-07-09', 'libre', 6, 6),
(1287, '2017-07-10', 'libre', 6, 6),
(1288, '2017-07-11', 'libre', 6, 6),
(1289, '2017-07-12', 'libre', 6, 6),
(1290, '2017-07-13', 'libre', 6, 6),
(1291, '2017-07-14', 'libre', 6, 6),
(1292, '2017-07-15', 'libre', 6, 6),
(1293, '2017-07-16', 'libre', 6, 6),
(1294, '2017-07-17', 'libre', 6, 6),
(1295, '2017-07-18', 'libre', 6, 6),
(1296, '2017-07-19', 'libre', 6, 6),
(1297, '2017-07-20', 'libre', 6, 6),
(1298, '2017-07-21', 'libre', 6, 6),
(1299, '2017-07-22', 'libre', 6, 6),
(1300, '2017-07-23', 'libre', 6, 6),
(1301, '2017-07-24', 'libre', 6, 6),
(1302, '2017-07-25', 'libre', 6, 6),
(1303, '2017-07-26', 'libre', 6, 6),
(1304, '2017-07-27', 'libre', 6, 6),
(1305, '2017-07-28', 'libre', 6, 6),
(1306, '2017-07-29', 'libre', 6, 6),
(1307, '2017-07-30', 'libre', 6, 6),
(1308, '2017-07-31', 'libre', 6, 6),
(1309, '2017-08-01', 'libre', 6, 6),
(1310, '2017-08-02', 'libre', 6, 6),
(1311, '2017-08-03', 'libre', 6, 6),
(1312, '2017-08-04', 'libre', 6, 6),
(1313, '2017-08-05', 'libre', 6, 6),
(1314, '2017-08-06', 'libre', 6, 6),
(1315, '2017-08-07', 'libre', 6, 6),
(1316, '2017-08-08', 'libre', 6, 6),
(1317, '2017-08-09', 'libre', 6, 6),
(1318, '2017-08-10', 'libre', 6, 6),
(1319, '2017-08-11', 'libre', 6, 6),
(1320, '2017-08-12', 'libre', 6, 6),
(1321, '2017-08-13', 'libre', 6, 6),
(1322, '2017-08-14', 'libre', 6, 6),
(1323, '2017-08-15', 'libre', 6, 6),
(1324, '2017-08-16', 'libre', 6, 6),
(1325, '2017-08-17', 'libre', 6, 6),
(1326, '2017-08-18', 'libre', 6, 6),
(1327, '2017-08-19', 'libre', 6, 6),
(1328, '2017-08-20', 'libre', 6, 6),
(1329, '2017-08-21', 'libre', 6, 6),
(1330, '2017-08-22', 'libre', 6, 6),
(1331, '2017-08-23', 'libre', 6, 6),
(1332, '2017-08-24', 'libre', 6, 6),
(1333, '2017-08-25', 'libre', 6, 6),
(1334, '2017-08-26', 'libre', 6, 6),
(1335, '2017-08-27', 'libre', 6, 6),
(1336, '2017-08-28', 'libre', 6, 6),
(1337, '2017-08-29', 'libre', 6, 6),
(1338, '2017-08-30', 'libre', 6, 6),
(1339, '2017-08-31', 'libre', 6, 6),
(1340, '2017-09-01', 'libre', 6, 6),
(1341, '2016-10-02', 'libre', 7, 6),
(1342, '2016-10-03', 'libre', 7, 6),
(1343, '2016-10-04', 'libre', 7, 6),
(1344, '2016-10-05', 'libre', 7, 6),
(1345, '2016-10-06', 'libre', 7, 6),
(1346, '2016-10-07', 'libre', 7, 6),
(1347, '2016-10-08', 'libre', 7, 6),
(1348, '2016-10-09', 'libre', 7, 6),
(1349, '2016-10-10', 'libre', 7, 6),
(1350, '2016-10-11', 'libre', 7, 6),
(1351, '2016-10-12', 'libre', 7, 6),
(1352, '2016-10-13', 'libre', 7, 6),
(1353, '2016-10-14', 'libre', 7, 6),
(1354, '2016-10-15', 'libre', 7, 6),
(1355, '2016-10-16', 'libre', 7, 6),
(1356, '2016-10-17', 'libre', 7, 6),
(1357, '2016-10-18', 'libre', 7, 6),
(1358, '2016-10-19', 'libre', 7, 6),
(1359, '2016-10-20', 'libre', 7, 6),
(1360, '2016-10-21', 'libre', 7, 6),
(1361, '2016-10-22', 'libre', 7, 6),
(1362, '2016-10-23', 'libre', 7, 6),
(1363, '2016-10-24', 'libre', 7, 6),
(1364, '2016-10-25', 'libre', 7, 6),
(1365, '2016-10-26', 'libre', 7, 6),
(1366, '2016-10-27', 'libre', 7, 6),
(1367, '2016-10-28', 'libre', 7, 6),
(1368, '2016-10-29', 'libre', 7, 6),
(1369, '2016-10-30', 'libre', 7, 6),
(1370, '2016-10-30', 'libre', 7, 6),
(1371, '2016-10-31', 'libre', 7, 6),
(1372, '2016-11-01', 'libre', 7, 6),
(1373, '2016-11-02', 'libre', 7, 6),
(1374, '2016-11-03', 'libre', 7, 6),
(1375, '2016-11-04', 'libre', 7, 6),
(1376, '2016-11-05', 'libre', 7, 6),
(1377, '2016-11-06', 'libre', 7, 6),
(1378, '2016-11-07', 'libre', 7, 6),
(1379, '2016-11-08', 'libre', 7, 6),
(1380, '2016-11-09', 'libre', 7, 6),
(1381, '2016-11-10', 'libre', 7, 6),
(1382, '2016-11-11', 'libre', 7, 6),
(1383, '2016-11-12', 'libre', 7, 6),
(1384, '2016-11-13', 'libre', 7, 6),
(1385, '2016-11-14', 'libre', 7, 6),
(1386, '2016-11-15', 'libre', 7, 6),
(1387, '2016-11-16', 'libre', 7, 6),
(1388, '2016-11-17', 'libre', 7, 6),
(1389, '2016-11-18', 'libre', 7, 6),
(1390, '2016-11-19', 'libre', 7, 6),
(1391, '2016-11-20', 'libre', 7, 6),
(1392, '2016-11-21', 'libre', 7, 6),
(1393, '2016-11-22', 'libre', 7, 6),
(1394, '2016-11-23', 'libre', 7, 6),
(1395, '2016-11-24', 'libre', 7, 6),
(1396, '2016-11-25', 'libre', 7, 6),
(1397, '2016-11-26', 'libre', 7, 6),
(1398, '2016-11-27', 'libre', 7, 6),
(1399, '2016-11-28', 'libre', 7, 6),
(1400, '2016-11-29', 'libre', 7, 6),
(1401, '2016-11-30', 'libre', 7, 6),
(1402, '2016-12-01', 'libre', 7, 6),
(1403, '2016-12-02', 'libre', 7, 6),
(1404, '2016-12-03', 'libre', 7, 3),
(1405, '2016-12-04', 'libre', 7, 3),
(1406, '2016-12-05', 'libre', 7, 3),
(1407, '2016-12-06', 'libre', 7, 3),
(1408, '2016-12-07', 'libre', 7, 3),
(1409, '2016-12-08', 'libre', 7, 3),
(1410, '2016-12-09', 'libre', 7, 3),
(1411, '2016-12-10', 'libre', 7, 3),
(1412, '2016-12-11', 'libre', 7, 3),
(1413, '2016-12-12', 'libre', 7, 3),
(1414, '2016-12-13', 'libre', 7, 3),
(1415, '2016-12-14', 'libre', 7, 3),
(1416, '2016-12-15', 'libre', 7, 3),
(1417, '2016-12-16', 'libre', 7, 3),
(1418, '2016-12-17', 'libre', 7, 3),
(1419, '2016-12-18', 'libre', 7, 1),
(1420, '2016-12-19', 'libre', 7, 1),
(1421, '2016-12-20', 'libre', 7, 1),
(1422, '2016-12-21', 'libre', 7, 1),
(1423, '2016-12-22', 'libre', 7, 1),
(1424, '2016-12-23', 'libre', 7, 1),
(1425, '2016-12-24', 'libre', 7, 1),
(1426, '2016-12-25', 'libre', 7, 1),
(1427, '2016-12-26', 'libre', 7, 1),
(1428, '2016-12-27', 'libre', 7, 1),
(1429, '2016-12-28', 'libre', 7, 1),
(1430, '2016-12-29', 'libre', 7, 1),
(1431, '2016-12-30', 'libre', 7, 1),
(1432, '2016-12-31', 'libre', 7, 1),
(1433, '2017-01-01', 'libre', 7, 1),
(1434, '2017-01-02', 'libre', 7, 1),
(1435, '2017-01-03', 'libre', 7, 4),
(1436, '2017-01-04', 'libre', 7, 4),
(1437, '2017-01-05', 'libre', 7, 4),
(1438, '2017-01-06', 'libre', 7, 4),
(1439, '2017-01-07', 'libre', 7, 4),
(1440, '2017-01-08', 'libre', 7, 4),
(1441, '2017-01-09', 'libre', 7, 4),
(1442, '2017-01-10', 'libre', 7, 4),
(1443, '2017-01-11', 'libre', 7, 4),
(1444, '2017-01-12', 'libre', 7, 4),
(1445, '2017-01-13', 'libre', 7, 4),
(1446, '2017-01-14', 'libre', 7, 4),
(1447, '2017-01-15', 'libre', 7, 4),
(1448, '2017-01-16', 'libre', 7, 4),
(1449, '2017-01-17', 'libre', 7, 4),
(1450, '2017-01-18', 'libre', 7, 4),
(1451, '2017-01-19', 'libre', 7, 4),
(1452, '2017-01-20', 'libre', 7, 4),
(1453, '2017-01-21', 'libre', 7, 4),
(1454, '2017-01-22', 'libre', 7, 4),
(1455, '2017-01-23', 'libre', 7, 4),
(1456, '2017-01-24', 'libre', 7, 4),
(1457, '2017-01-25', 'libre', 7, 4);
INSERT INTO `datelocation` (`idD`, `dateJour`, `libre`, `id_location`, `id_saison`) VALUES
(1458, '2017-01-26', 'libre', 7, 4),
(1459, '2017-01-27', 'libre', 7, 4),
(1460, '2017-01-28', 'libre', 7, 4),
(1461, '2017-01-29', 'libre', 7, 4),
(1462, '2017-01-30', 'libre', 7, 4),
(1463, '2017-01-31', 'libre', 7, 4),
(1464, '2017-02-01', 'libre', 7, 4),
(1465, '2017-02-02', 'libre', 7, 4),
(1466, '2017-02-03', 'libre', 7, 4),
(1467, '2017-02-04', 'libre', 7, 4),
(1468, '2017-02-05', 'libre', 7, 2),
(1469, '2017-02-06', 'libre', 7, 2),
(1470, '2017-02-07', 'libre', 7, 2),
(1471, '2017-02-08', 'libre', 7, 2),
(1472, '2017-02-09', 'libre', 7, 2),
(1473, '2017-02-10', 'libre', 7, 2),
(1474, '2017-02-11', 'libre', 7, 2),
(1475, '2017-02-12', 'libre', 7, 2),
(1476, '2017-02-13', 'libre', 7, 2),
(1477, '2017-02-14', 'libre', 7, 2),
(1478, '2017-02-15', 'libre', 7, 2),
(1479, '2017-02-16', 'libre', 7, 2),
(1480, '2017-02-17', 'libre', 7, 2),
(1481, '2017-02-18', 'libre', 7, 2),
(1482, '2017-02-19', 'libre', 7, 2),
(1483, '2017-02-20', 'libre', 7, 2),
(1484, '2017-02-21', 'libre', 7, 2),
(1485, '2017-02-22', 'libre', 7, 2),
(1486, '2017-02-23', 'libre', 7, 2),
(1487, '2017-02-24', 'libre', 7, 2),
(1488, '2017-02-25', 'libre', 7, 2),
(1489, '2017-02-26', 'libre', 7, 2),
(1490, '2017-02-27', 'libre', 7, 2),
(1491, '2017-02-28', 'libre', 7, 2),
(1492, '2017-03-01', 'libre', 7, 2),
(1493, '2017-03-02', 'libre', 7, 2),
(1494, '2017-03-03', 'libre', 7, 2),
(1495, '2017-03-04', 'libre', 7, 2),
(1496, '2017-03-05', 'libre', 7, 5),
(1497, '2017-03-06', 'libre', 7, 5),
(1498, '2017-03-07', 'libre', 7, 5),
(1499, '2017-03-08', 'libre', 7, 5),
(1500, '2017-03-09', 'libre', 7, 5),
(1501, '2017-03-10', 'libre', 7, 5),
(1502, '2017-03-11', 'libre', 7, 5),
(1503, '2017-03-12', 'libre', 7, 5),
(1504, '2017-03-13', 'libre', 7, 5),
(1505, '2017-03-14', 'libre', 7, 5),
(1506, '2017-03-15', 'libre', 7, 5),
(1507, '2017-03-16', 'libre', 7, 5),
(1508, '2017-03-17', 'libre', 7, 5),
(1509, '2017-03-18', 'libre', 7, 5),
(1510, '2017-03-19', 'libre', 7, 5),
(1511, '2017-03-20', 'libre', 7, 5),
(1512, '2017-03-21', 'libre', 7, 5),
(1513, '2017-03-22', 'libre', 7, 5),
(1514, '2017-03-23', 'libre', 7, 5),
(1515, '2017-03-24', 'libre', 7, 5),
(1516, '2017-03-25', 'libre', 7, 5),
(1517, '2017-03-27', 'libre', 7, 5),
(1518, '2017-03-28', 'libre', 7, 5),
(1519, '2017-03-29', 'libre', 7, 5),
(1520, '2017-03-30', 'libre', 7, 5),
(1521, '2017-03-31', 'libre', 7, 5),
(1522, '2017-04-01', 'libre', 7, 5),
(1523, '2017-04-02', 'libre', 7, 5),
(1524, '2017-04-03', 'libre', 7, 5),
(1525, '2017-04-04', 'libre', 7, 5),
(1526, '2017-04-05', 'libre', 7, 5),
(1527, '2017-04-06', 'libre', 7, 5),
(1528, '2017-04-07', 'libre', 7, 5),
(1529, '2017-04-08', 'libre', 7, 5),
(1530, '2017-04-09', 'libre', 7, 5),
(1531, '2017-04-10', 'libre', 7, 6),
(1532, '2017-04-11', 'libre', 7, 6),
(1533, '2017-04-12', 'libre', 7, 6),
(1534, '2017-04-13', 'libre', 7, 6),
(1535, '2017-04-14', 'libre', 7, 6),
(1536, '2017-04-15', 'libre', 7, 6),
(1537, '2017-04-16', 'libre', 7, 6),
(1538, '2017-04-17', 'libre', 7, 6),
(1539, '2017-04-18', 'libre', 7, 6),
(1540, '2017-04-19', 'libre', 7, 6),
(1541, '2017-04-20', 'libre', 7, 6),
(1542, '2017-04-21', 'libre', 7, 6),
(1543, '2017-04-22', 'libre', 7, 6),
(1544, '2017-04-23', 'libre', 7, 6),
(1545, '2017-04-24', 'libre', 7, 6),
(1546, '2017-04-25', 'libre', 7, 6),
(1547, '2017-04-26', 'libre', 7, 6),
(1548, '2017-04-27', 'libre', 7, 6),
(1549, '2017-04-28', 'libre', 7, 6),
(1550, '2017-04-29', 'libre', 7, 6),
(1551, '2017-04-30', 'libre', 7, 6),
(1552, '2017-05-01', 'libre', 7, 6),
(1553, '2017-05-02', 'libre', 7, 6),
(1554, '2017-05-03', 'libre', 7, 6),
(1555, '2017-05-04', 'libre', 7, 6),
(1556, '2017-05-05', 'libre', 7, 6),
(1557, '2017-05-06', 'libre', 7, 6),
(1558, '2017-05-07', 'libre', 7, 6),
(1559, '2017-05-08', 'libre', 7, 6),
(1560, '2017-05-09', 'libre', 7, 6),
(1561, '2017-05-10', 'libre', 7, 6),
(1562, '2017-05-11', 'libre', 7, 6),
(1563, '2017-05-12', 'libre', 7, 6),
(1564, '2017-05-13', 'libre', 7, 6),
(1565, '2017-05-14', 'libre', 7, 6),
(1566, '2017-05-15', 'libre', 7, 6),
(1567, '2017-05-16', 'libre', 7, 6),
(1568, '2017-05-17', 'libre', 7, 6),
(1569, '2017-05-18', 'libre', 7, 6),
(1570, '2017-05-19', 'libre', 7, 6),
(1571, '2017-05-20', 'libre', 7, 6),
(1572, '2017-05-21', 'libre', 7, 6),
(1573, '2017-05-22', 'libre', 7, 6),
(1574, '2017-05-23', 'libre', 7, 6),
(1575, '2017-05-24', 'libre', 7, 6),
(1576, '2017-05-25', 'libre', 7, 6),
(1577, '2017-05-26', 'libre', 7, 6),
(1578, '2017-05-27', 'libre', 7, 6),
(1579, '2017-05-28', 'libre', 7, 6),
(1580, '2017-05-29', 'libre', 7, 6),
(1581, '2017-05-30', 'libre', 7, 6),
(1582, '2017-05-31', 'libre', 7, 6),
(1583, '2017-06-01', 'libre', 7, 6),
(1584, '2017-06-02', 'libre', 7, 6),
(1585, '2017-06-03', 'libre', 7, 6),
(1586, '2017-06-04', 'libre', 7, 6),
(1587, '2017-06-05', 'libre', 7, 6),
(1588, '2017-06-06', 'libre', 7, 6),
(1589, '2017-06-07', 'libre', 7, 6),
(1590, '2017-06-08', 'libre', 7, 6),
(1591, '2017-06-09', 'libre', 7, 6),
(1592, '2017-06-10', 'libre', 7, 6),
(1593, '2017-06-11', 'libre', 7, 6),
(1594, '2017-06-12', 'libre', 7, 6),
(1595, '2017-06-13', 'libre', 7, 6),
(1596, '2017-06-14', 'libre', 7, 6),
(1597, '2017-06-15', 'libre', 7, 6),
(1598, '2017-06-16', 'libre', 7, 6),
(1599, '2017-06-17', 'libre', 7, 6),
(1600, '2017-06-18', 'libre', 7, 6),
(1601, '2017-06-19', 'libre', 7, 6),
(1602, '2017-06-20', 'libre', 7, 6),
(1603, '2017-06-21', 'libre', 7, 6),
(1604, '2017-06-22', 'libre', 7, 6),
(1605, '2017-06-23', 'libre', 7, 6),
(1606, '2017-06-24', 'libre', 7, 6),
(1607, '2017-06-25', 'libre', 7, 6),
(1608, '2017-06-26', 'libre', 7, 6),
(1609, '2017-06-27', 'libre', 7, 6),
(1610, '2017-06-28', 'libre', 7, 6),
(1611, '2017-06-29', 'libre', 7, 6),
(1612, '2017-06-30', 'libre', 7, 6),
(1613, '2017-07-01', 'libre', 7, 6),
(1614, '2017-07-02', 'libre', 7, 6),
(1615, '2017-07-03', 'libre', 7, 6),
(1616, '2017-07-04', 'libre', 7, 6),
(1617, '2017-07-05', 'libre', 7, 6),
(1618, '2017-07-06', 'libre', 7, 6),
(1619, '2017-07-07', 'libre', 7, 6),
(1620, '2017-07-08', 'libre', 7, 6),
(1621, '2017-07-09', 'libre', 7, 6),
(1622, '2017-07-10', 'libre', 7, 6),
(1623, '2017-07-11', 'libre', 7, 6),
(1624, '2017-07-12', 'libre', 7, 6),
(1625, '2017-07-13', 'libre', 7, 6),
(1626, '2017-07-14', 'libre', 7, 6),
(1627, '2017-07-15', 'libre', 7, 6),
(1628, '2017-07-16', 'libre', 7, 6),
(1629, '2017-07-17', 'libre', 7, 6),
(1630, '2017-07-18', 'libre', 7, 6),
(1631, '2017-07-19', 'libre', 7, 6),
(1632, '2017-07-20', 'libre', 7, 6),
(1633, '2017-07-21', 'libre', 7, 6),
(1634, '2017-07-22', 'libre', 7, 6),
(1635, '2017-07-23', 'libre', 7, 6),
(1636, '2017-07-24', 'libre', 7, 6),
(1637, '2017-07-25', 'libre', 7, 6),
(1638, '2017-07-26', 'libre', 7, 6),
(1639, '2017-07-27', 'libre', 7, 6),
(1640, '2017-07-28', 'libre', 7, 6),
(1641, '2017-07-29', 'libre', 7, 6),
(1642, '2017-07-30', 'libre', 7, 6),
(1643, '2017-07-31', 'libre', 7, 6),
(1644, '2017-08-01', 'libre', 7, 6),
(1645, '2017-08-02', 'libre', 7, 6),
(1646, '2017-08-03', 'libre', 7, 6),
(1647, '2017-08-04', 'libre', 7, 6),
(1648, '2017-08-05', 'libre', 7, 6),
(1649, '2017-08-06', 'libre', 7, 6),
(1650, '2017-08-07', 'libre', 7, 6),
(1651, '2017-08-08', 'libre', 7, 6),
(1652, '2017-08-09', 'libre', 7, 6),
(1653, '2017-08-10', 'libre', 7, 6),
(1654, '2017-08-11', 'libre', 7, 6),
(1655, '2017-08-12', 'libre', 7, 6),
(1656, '2017-08-13', 'libre', 7, 6),
(1657, '2017-08-14', 'libre', 7, 6),
(1658, '2017-08-15', 'libre', 7, 6),
(1659, '2017-08-16', 'libre', 7, 6),
(1660, '2017-08-17', 'libre', 7, 6),
(1661, '2017-08-18', 'libre', 7, 6),
(1662, '2017-08-19', 'libre', 7, 6),
(1663, '2017-08-20', 'libre', 7, 6),
(1664, '2017-08-21', 'libre', 7, 6),
(1665, '2017-08-22', 'libre', 7, 6),
(1666, '2017-08-23', 'libre', 7, 6),
(1667, '2017-08-24', 'libre', 7, 6),
(1668, '2017-08-25', 'libre', 7, 6),
(1669, '2017-08-26', 'libre', 7, 6),
(1670, '2017-08-27', 'libre', 7, 6),
(1671, '2017-08-28', 'libre', 7, 6),
(1672, '2017-08-29', 'libre', 7, 6),
(1673, '2017-08-30', 'libre', 7, 6),
(1674, '2017-08-31', 'libre', 7, 6),
(1675, '2017-09-01', 'libre', 7, 6),
(1676, '2016-10-02', 'libre', 8, 6),
(1677, '2016-10-03', 'libre', 8, 6),
(1678, '2016-10-04', 'libre', 8, 6),
(1679, '2016-10-05', 'libre', 8, 6),
(1680, '2016-10-06', 'libre', 8, 6),
(1681, '2016-10-07', 'libre', 8, 6),
(1682, '2016-10-08', 'libre', 8, 6),
(1683, '2016-10-09', 'libre', 8, 6),
(1684, '2016-10-10', 'libre', 8, 6),
(1685, '2016-10-11', 'libre', 8, 6),
(1686, '2016-10-12', 'libre', 8, 6),
(1687, '2016-10-13', 'libre', 8, 6),
(1688, '2016-10-14', 'libre', 8, 6),
(1689, '2016-10-15', 'libre', 8, 6),
(1690, '2016-10-16', 'libre', 8, 6),
(1691, '2016-10-17', 'libre', 8, 6),
(1692, '2016-10-18', 'libre', 8, 6),
(1693, '2016-10-19', 'libre', 8, 6),
(1694, '2016-10-20', 'libre', 8, 6),
(1695, '2016-10-21', 'libre', 8, 6),
(1696, '2016-10-22', 'libre', 8, 6),
(1697, '2016-10-23', 'libre', 8, 6),
(1698, '2016-10-24', 'libre', 8, 6),
(1699, '2016-10-25', 'libre', 8, 6),
(1700, '2016-10-26', 'libre', 8, 6),
(1701, '2016-10-27', 'libre', 8, 6),
(1702, '2016-10-28', 'libre', 8, 6),
(1703, '2016-10-29', 'libre', 8, 6),
(1704, '2016-10-30', 'libre', 8, 6),
(1705, '2016-10-30', 'libre', 8, 6),
(1706, '2016-10-31', 'libre', 8, 6),
(1707, '2016-11-01', 'libre', 8, 6),
(1708, '2016-11-02', 'libre', 8, 6),
(1709, '2016-11-03', 'libre', 8, 6),
(1710, '2016-11-04', 'libre', 8, 6),
(1711, '2016-11-05', 'libre', 8, 6),
(1712, '2016-11-06', 'libre', 8, 6),
(1713, '2016-11-07', 'libre', 8, 6),
(1714, '2016-11-08', 'libre', 8, 6),
(1715, '2016-11-09', 'libre', 8, 6),
(1716, '2016-11-10', 'libre', 8, 6),
(1717, '2016-11-11', 'libre', 8, 6),
(1718, '2016-11-12', 'libre', 8, 6),
(1719, '2016-11-13', 'libre', 8, 6),
(1720, '2016-11-14', 'libre', 8, 6),
(1721, '2016-11-15', 'libre', 8, 6),
(1722, '2016-11-16', 'libre', 8, 6),
(1723, '2016-11-17', 'libre', 8, 6),
(1724, '2016-11-18', 'libre', 8, 6),
(1725, '2016-11-19', 'libre', 8, 6),
(1726, '2016-11-20', 'libre', 8, 6),
(1727, '2016-11-21', 'libre', 8, 6),
(1728, '2016-11-22', 'libre', 8, 6),
(1729, '2016-11-23', 'libre', 8, 6),
(1730, '2016-11-24', 'libre', 8, 6),
(1731, '2016-11-25', 'libre', 8, 6),
(1732, '2016-11-26', 'libre', 8, 6),
(1733, '2016-11-27', 'libre', 8, 6),
(1734, '2016-11-28', 'libre', 8, 6),
(1735, '2016-11-29', 'libre', 8, 6),
(1736, '2016-11-30', 'libre', 8, 6),
(1737, '2016-12-01', 'libre', 8, 6),
(1738, '2016-12-02', 'libre', 8, 6),
(1739, '2016-12-03', 'libre', 8, 3),
(1740, '2016-12-04', 'libre', 8, 3),
(1741, '2016-12-05', 'libre', 8, 3),
(1742, '2016-12-06', 'libre', 8, 3),
(1743, '2016-12-07', 'libre', 8, 3),
(1744, '2016-12-08', 'libre', 8, 3),
(1745, '2016-12-09', 'libre', 8, 3),
(1746, '2016-12-10', 'libre', 8, 3),
(1747, '2016-12-11', 'libre', 8, 3),
(1748, '2016-12-12', 'libre', 8, 3),
(1749, '2016-12-13', 'libre', 8, 3),
(1750, '2016-12-14', 'libre', 8, 3),
(1751, '2016-12-15', 'libre', 8, 3),
(1752, '2016-12-16', 'libre', 8, 3),
(1753, '2016-12-17', 'libre', 8, 3),
(1754, '2016-12-18', 'libre', 8, 1),
(1755, '2016-12-19', 'libre', 8, 1),
(1756, '2016-12-20', 'libre', 8, 1),
(1757, '2016-12-21', 'libre', 8, 1),
(1758, '2016-12-22', 'libre', 8, 1),
(1759, '2016-12-23', 'libre', 8, 1),
(1760, '2016-12-24', 'libre', 8, 1),
(1761, '2016-12-25', 'libre', 8, 1),
(1762, '2016-12-26', 'libre', 8, 1),
(1763, '2016-12-27', 'libre', 8, 1),
(1764, '2016-12-28', 'libre', 8, 1),
(1765, '2016-12-29', 'libre', 8, 1),
(1766, '2016-12-30', 'libre', 8, 1),
(1767, '2016-12-31', 'libre', 8, 1),
(1768, '2017-01-01', 'libre', 8, 1),
(1769, '2017-01-02', 'libre', 8, 1),
(1770, '2017-01-03', 'libre', 8, 4),
(1771, '2017-01-04', 'libre', 8, 4),
(1772, '2017-01-05', 'libre', 8, 4),
(1773, '2017-01-06', 'libre', 8, 4),
(1774, '2017-01-07', 'libre', 8, 4),
(1775, '2017-01-08', 'libre', 8, 4),
(1776, '2017-01-09', 'libre', 8, 4),
(1777, '2017-01-10', 'libre', 8, 4),
(1778, '2017-01-11', 'libre', 8, 4),
(1779, '2017-01-12', 'libre', 8, 4),
(1780, '2017-01-13', 'libre', 8, 4),
(1781, '2017-01-14', 'libre', 8, 4),
(1782, '2017-01-15', 'libre', 8, 4),
(1783, '2017-01-16', 'libre', 8, 4),
(1784, '2017-01-17', 'libre', 8, 4),
(1785, '2017-01-18', 'libre', 8, 4),
(1786, '2017-01-19', 'libre', 8, 4),
(1787, '2017-01-20', 'libre', 8, 4),
(1788, '2017-01-21', 'libre', 8, 4),
(1789, '2017-01-22', 'libre', 8, 4),
(1790, '2017-01-23', 'libre', 8, 4),
(1791, '2017-01-24', 'libre', 8, 4),
(1792, '2017-01-25', 'libre', 8, 4),
(1793, '2017-01-26', 'libre', 8, 4),
(1794, '2017-01-27', 'libre', 8, 4),
(1795, '2017-01-28', 'libre', 8, 4),
(1796, '2017-01-29', 'libre', 8, 4),
(1797, '2017-01-30', 'libre', 8, 4),
(1798, '2017-01-31', 'libre', 8, 4),
(1799, '2017-02-01', 'libre', 8, 4),
(1800, '2017-02-02', 'libre', 8, 4),
(1801, '2017-02-03', 'libre', 8, 4),
(1802, '2017-02-04', 'libre', 8, 4),
(1803, '2017-02-05', 'libre', 8, 2),
(1804, '2017-02-06', 'libre', 8, 2),
(1805, '2017-02-07', 'libre', 8, 2),
(1806, '2017-02-08', 'libre', 8, 2),
(1807, '2017-02-09', 'libre', 8, 2),
(1808, '2017-02-10', 'libre', 8, 2),
(1809, '2017-02-11', 'libre', 8, 2),
(1810, '2017-02-12', 'libre', 8, 2),
(1811, '2017-02-13', 'libre', 8, 2),
(1812, '2017-02-14', 'libre', 8, 2),
(1813, '2017-02-15', 'libre', 8, 2),
(1814, '2017-02-16', 'libre', 8, 2),
(1815, '2017-02-17', 'libre', 8, 2),
(1816, '2017-02-18', 'libre', 8, 2),
(1817, '2017-02-19', 'libre', 8, 2),
(1818, '2017-02-20', 'libre', 8, 2),
(1819, '2017-02-21', 'libre', 8, 2),
(1820, '2017-02-22', 'libre', 8, 2),
(1821, '2017-02-23', 'libre', 8, 2),
(1822, '2017-02-24', 'libre', 8, 2),
(1823, '2017-02-25', 'libre', 8, 2),
(1824, '2017-02-26', 'libre', 8, 2),
(1825, '2017-02-27', 'libre', 8, 2),
(1826, '2017-02-28', 'libre', 8, 2),
(1827, '2017-03-01', 'libre', 8, 2),
(1828, '2017-03-02', 'libre', 8, 2),
(1829, '2017-03-03', 'libre', 8, 2),
(1830, '2017-03-04', 'libre', 8, 2),
(1831, '2017-03-05', 'libre', 8, 5),
(1832, '2017-03-06', 'libre', 8, 5),
(1833, '2017-03-07', 'libre', 8, 5),
(1834, '2017-03-08', 'libre', 8, 5),
(1835, '2017-03-09', 'libre', 8, 5),
(1836, '2017-03-10', 'libre', 8, 5),
(1837, '2017-03-11', 'libre', 8, 5),
(1838, '2017-03-12', 'libre', 8, 5),
(1839, '2017-03-13', 'libre', 8, 5),
(1840, '2017-03-14', 'libre', 8, 5),
(1841, '2017-03-15', 'libre', 8, 5),
(1842, '2017-03-16', 'libre', 8, 5),
(1843, '2017-03-17', 'libre', 8, 5),
(1844, '2017-03-18', 'libre', 8, 5),
(1845, '2017-03-19', 'libre', 8, 5),
(1846, '2017-03-20', 'libre', 8, 5),
(1847, '2017-03-21', 'libre', 8, 5),
(1848, '2017-03-22', 'libre', 8, 5),
(1849, '2017-03-23', 'libre', 8, 5),
(1850, '2017-03-24', 'libre', 8, 5),
(1851, '2017-03-25', 'libre', 8, 5),
(1852, '2017-03-27', 'libre', 8, 5),
(1853, '2017-03-28', 'libre', 8, 5),
(1854, '2017-03-29', 'libre', 8, 5),
(1855, '2017-03-30', 'libre', 8, 5),
(1856, '2017-03-31', 'libre', 8, 5),
(1857, '2017-04-01', 'libre', 8, 5),
(1858, '2017-04-02', 'libre', 8, 5),
(1859, '2017-04-03', 'libre', 8, 5),
(1860, '2017-04-04', 'libre', 8, 5),
(1861, '2017-04-05', 'libre', 8, 5),
(1862, '2017-04-06', 'libre', 8, 5),
(1863, '2017-04-07', 'libre', 8, 5),
(1864, '2017-04-08', 'libre', 8, 5),
(1865, '2017-04-09', 'libre', 8, 5),
(1866, '2017-04-10', 'libre', 8, 6),
(1867, '2017-04-11', 'libre', 8, 6),
(1868, '2017-04-12', 'libre', 8, 6),
(1869, '2017-04-13', 'libre', 8, 6),
(1870, '2017-04-14', 'libre', 8, 6),
(1871, '2017-04-15', 'libre', 8, 6),
(1872, '2017-04-16', 'libre', 8, 6),
(1873, '2017-04-17', 'libre', 8, 6),
(1874, '2017-04-18', 'libre', 8, 6),
(1875, '2017-04-19', 'libre', 8, 6),
(1876, '2017-04-20', 'libre', 8, 6),
(1877, '2017-04-21', 'libre', 8, 6),
(1878, '2017-04-22', 'libre', 8, 6),
(1879, '2017-04-23', 'libre', 8, 6),
(1880, '2017-04-24', 'libre', 8, 6),
(1881, '2017-04-25', 'libre', 8, 6),
(1882, '2017-04-26', 'libre', 8, 6),
(1883, '2017-04-27', 'libre', 8, 6),
(1884, '2017-04-28', 'libre', 8, 6),
(1885, '2017-04-29', 'libre', 8, 6),
(1886, '2017-04-30', 'libre', 8, 6),
(1887, '2017-05-01', 'libre', 8, 6),
(1888, '2017-05-02', 'libre', 8, 6),
(1889, '2017-05-03', 'libre', 8, 6),
(1890, '2017-05-04', 'libre', 8, 6),
(1891, '2017-05-05', 'libre', 8, 6),
(1892, '2017-05-06', 'libre', 8, 6),
(1893, '2017-05-07', 'libre', 8, 6),
(1894, '2017-05-08', 'libre', 8, 6),
(1895, '2017-05-09', 'libre', 8, 6),
(1896, '2017-05-10', 'libre', 8, 6),
(1897, '2017-05-11', 'libre', 8, 6),
(1898, '2017-05-12', 'libre', 8, 6),
(1899, '2017-05-13', 'libre', 8, 6),
(1900, '2017-05-14', 'libre', 8, 6),
(1901, '2017-05-15', 'libre', 8, 6),
(1902, '2017-05-16', 'libre', 8, 6),
(1903, '2017-05-17', 'libre', 8, 6),
(1904, '2017-05-18', 'libre', 8, 6),
(1905, '2017-05-19', 'libre', 8, 6),
(1906, '2017-05-20', 'libre', 8, 6),
(1907, '2017-05-21', 'libre', 8, 6),
(1908, '2017-05-22', 'libre', 8, 6),
(1909, '2017-05-23', 'libre', 8, 6),
(1910, '2017-05-24', 'libre', 8, 6),
(1911, '2017-05-25', 'libre', 8, 6),
(1912, '2017-05-26', 'libre', 8, 6),
(1913, '2017-05-27', 'libre', 8, 6),
(1914, '2017-05-28', 'libre', 8, 6),
(1915, '2017-05-29', 'libre', 8, 6),
(1916, '2017-05-30', 'libre', 8, 6),
(1917, '2017-05-31', 'libre', 8, 6),
(1918, '2017-06-01', 'libre', 8, 6),
(1919, '2017-06-02', 'libre', 8, 6),
(1920, '2017-06-03', 'libre', 8, 6),
(1921, '2017-06-04', 'libre', 8, 6),
(1922, '2017-06-05', 'libre', 8, 6),
(1923, '2017-06-06', 'libre', 8, 6),
(1924, '2017-06-07', 'libre', 8, 6),
(1925, '2017-06-08', 'libre', 8, 6),
(1926, '2017-06-09', 'libre', 8, 6),
(1927, '2017-06-10', 'libre', 8, 6),
(1928, '2017-06-11', 'libre', 8, 6),
(1929, '2017-06-12', 'libre', 8, 6),
(1930, '2017-06-13', 'libre', 8, 6),
(1931, '2017-06-14', 'libre', 8, 6),
(1932, '2017-06-15', 'libre', 8, 6),
(1933, '2017-06-16', 'libre', 8, 6),
(1934, '2017-06-17', 'libre', 8, 6),
(1935, '2017-06-18', 'libre', 8, 6),
(1936, '2017-06-19', 'libre', 8, 6),
(1937, '2017-06-20', 'libre', 8, 6),
(1938, '2017-06-21', 'libre', 8, 6),
(1939, '2017-06-22', 'libre', 8, 6),
(1940, '2017-06-23', 'libre', 8, 6),
(1941, '2017-06-24', 'libre', 8, 6),
(1942, '2017-06-25', 'libre', 8, 6),
(1943, '2017-06-26', 'libre', 8, 6),
(1944, '2017-06-27', 'libre', 8, 6),
(1945, '2017-06-28', 'libre', 8, 6),
(1946, '2017-06-29', 'libre', 8, 6),
(1947, '2017-06-30', 'libre', 8, 6),
(1948, '2017-07-01', 'libre', 8, 6),
(1949, '2017-07-02', 'libre', 8, 6),
(1950, '2017-07-03', 'libre', 8, 6),
(1951, '2017-07-04', 'libre', 8, 6),
(1952, '2017-07-05', 'libre', 8, 6),
(1953, '2017-07-06', 'libre', 8, 6),
(1954, '2017-07-07', 'libre', 8, 6),
(1955, '2017-07-08', 'reserver', 8, 6),
(1956, '2017-07-09', 'reserver', 8, 6),
(1957, '2017-07-10', 'reserver', 8, 6),
(1958, '2017-07-11', 'reserver', 8, 6),
(1959, '2017-07-12', 'reserver', 8, 6),
(1960, '2017-07-13', 'reserver', 8, 6),
(1961, '2017-07-14', 'reserver', 8, 6),
(1962, '2017-07-15', 'reserver', 8, 6),
(1963, '2017-07-16', 'libre', 8, 6),
(1964, '2017-07-17', 'libre', 8, 6),
(1965, '2017-07-18', 'libre', 8, 6),
(1966, '2017-07-19', 'libre', 8, 6),
(1967, '2017-07-20', 'libre', 8, 6),
(1968, '2017-07-21', 'libre', 8, 6),
(1969, '2017-07-22', 'libre', 8, 6),
(1970, '2017-07-23', 'libre', 8, 6),
(1971, '2017-07-24', 'libre', 8, 6),
(1972, '2017-07-25', 'libre', 8, 6),
(1973, '2017-07-26', 'libre', 8, 6),
(1974, '2017-07-27', 'libre', 8, 6),
(1975, '2017-07-28', 'libre', 8, 6),
(1976, '2017-07-29', 'libre', 8, 6),
(1977, '2017-07-30', 'libre', 8, 6),
(1978, '2017-07-31', 'libre', 8, 6),
(1979, '2017-08-01', 'libre', 8, 6),
(1980, '2017-08-02', 'libre', 8, 6),
(1981, '2017-08-03', 'libre', 8, 6),
(1982, '2017-08-04', 'libre', 8, 6),
(1983, '2017-08-05', 'libre', 8, 6),
(1984, '2017-08-06', 'libre', 8, 6),
(1985, '2017-08-07', 'libre', 8, 6),
(1986, '2017-08-08', 'libre', 8, 6),
(1987, '2017-08-09', 'libre', 8, 6),
(1988, '2017-08-10', 'libre', 8, 6),
(1989, '2017-08-11', 'libre', 8, 6),
(1990, '2017-08-12', 'libre', 8, 6),
(1991, '2017-08-13', 'libre', 8, 6),
(1992, '2017-08-14', 'libre', 8, 6),
(1993, '2017-08-15', 'libre', 8, 6),
(1994, '2017-08-16', 'libre', 8, 6),
(1995, '2017-08-17', 'libre', 8, 6),
(1996, '2017-08-18', 'libre', 8, 6),
(1997, '2017-08-19', 'libre', 8, 6),
(1998, '2017-08-20', 'libre', 8, 6),
(1999, '2017-08-21', 'libre', 8, 6),
(2000, '2017-08-22', 'libre', 8, 6),
(2001, '2017-08-23', 'libre', 8, 6),
(2002, '2017-08-24', 'libre', 8, 6),
(2003, '2017-08-25', 'libre', 8, 6),
(2004, '2017-08-26', 'libre', 8, 6),
(2005, '2017-08-27', 'libre', 8, 6),
(2006, '2017-08-28', 'libre', 8, 6),
(2007, '2017-08-29', 'libre', 8, 6),
(2008, '2017-08-30', 'libre', 8, 6),
(2009, '2017-08-31', 'libre', 8, 6),
(2010, '2017-09-01', 'libre', 8, 6),
(2011, '2016-10-02', 'libre', 9, 6),
(2012, '2016-10-03', 'libre', 9, 6),
(2013, '2016-10-04', 'libre', 9, 6),
(2014, '2016-10-05', 'libre', 9, 6),
(2015, '2016-10-06', 'libre', 9, 6),
(2016, '2016-10-07', 'libre', 9, 6),
(2017, '2016-10-08', 'libre', 9, 6),
(2018, '2016-10-09', 'libre', 9, 6),
(2019, '2016-10-10', 'libre', 9, 6),
(2020, '2016-10-11', 'libre', 9, 6),
(2021, '2016-10-12', 'libre', 9, 6),
(2022, '2016-10-13', 'libre', 9, 6),
(2023, '2016-10-14', 'libre', 9, 6),
(2024, '2016-10-15', 'libre', 9, 6),
(2025, '2016-10-16', 'libre', 9, 6),
(2026, '2016-10-17', 'libre', 9, 6),
(2027, '2016-10-18', 'libre', 9, 6),
(2028, '2016-10-19', 'libre', 9, 6),
(2029, '2016-10-20', 'libre', 9, 6),
(2030, '2016-10-21', 'libre', 9, 6),
(2031, '2016-10-22', 'libre', 9, 6),
(2032, '2016-10-23', 'libre', 9, 6),
(2033, '2016-10-24', 'libre', 9, 6),
(2034, '2016-10-25', 'libre', 9, 6),
(2035, '2016-10-26', 'libre', 9, 6),
(2036, '2016-10-27', 'libre', 9, 6),
(2037, '2016-10-28', 'libre', 9, 6),
(2038, '2016-10-29', 'libre', 9, 6),
(2039, '2016-10-30', 'libre', 9, 6),
(2040, '2016-10-30', 'libre', 9, 6),
(2041, '2016-10-31', 'libre', 9, 6),
(2042, '2016-11-01', 'libre', 9, 6),
(2043, '2016-11-02', 'libre', 9, 6),
(2044, '2016-11-03', 'libre', 9, 6),
(2045, '2016-11-04', 'libre', 9, 6),
(2046, '2016-11-05', 'libre', 9, 6),
(2047, '2016-11-06', 'libre', 9, 6),
(2048, '2016-11-07', 'libre', 9, 6),
(2049, '2016-11-08', 'libre', 9, 6),
(2050, '2016-11-09', 'libre', 9, 6),
(2051, '2016-11-10', 'libre', 9, 6),
(2052, '2016-11-11', 'libre', 9, 6),
(2053, '2016-11-12', 'libre', 9, 6),
(2054, '2016-11-13', 'libre', 9, 6),
(2055, '2016-11-14', 'libre', 9, 6),
(2056, '2016-11-15', 'libre', 9, 6),
(2057, '2016-11-16', 'libre', 9, 6),
(2058, '2016-11-17', 'libre', 9, 6),
(2059, '2016-11-18', 'libre', 9, 6),
(2060, '2016-11-19', 'libre', 9, 6),
(2061, '2016-11-20', 'libre', 9, 6),
(2062, '2016-11-21', 'libre', 9, 6),
(2063, '2016-11-22', 'libre', 9, 6),
(2064, '2016-11-23', 'libre', 9, 6),
(2065, '2016-11-24', 'libre', 9, 6),
(2066, '2016-11-25', 'libre', 9, 6),
(2067, '2016-11-26', 'libre', 9, 6),
(2068, '2016-11-27', 'libre', 9, 6),
(2069, '2016-11-28', 'libre', 9, 6),
(2070, '2016-11-29', 'libre', 9, 6),
(2071, '2016-11-30', 'libre', 9, 6),
(2072, '2016-12-01', 'libre', 9, 6),
(2073, '2016-12-02', 'libre', 9, 6),
(2074, '2016-12-03', 'libre', 9, 3),
(2075, '2016-12-04', 'libre', 9, 3),
(2076, '2016-12-05', 'libre', 9, 3),
(2077, '2016-12-06', 'libre', 9, 3),
(2078, '2016-12-07', 'libre', 9, 3),
(2079, '2016-12-08', 'libre', 9, 3),
(2080, '2016-12-09', 'libre', 9, 3),
(2081, '2016-12-10', 'libre', 9, 3),
(2082, '2016-12-11', 'libre', 9, 3),
(2083, '2016-12-12', 'libre', 9, 3),
(2084, '2016-12-13', 'libre', 9, 3),
(2085, '2016-12-14', 'libre', 9, 3),
(2086, '2016-12-15', 'libre', 9, 3),
(2087, '2016-12-16', 'libre', 9, 3),
(2088, '2016-12-17', 'libre', 9, 3),
(2089, '2016-12-18', 'libre', 9, 1),
(2090, '2016-12-19', 'libre', 9, 1),
(2091, '2016-12-20', 'libre', 9, 1),
(2092, '2016-12-21', 'libre', 9, 1),
(2093, '2016-12-22', 'libre', 9, 1),
(2094, '2016-12-23', 'libre', 9, 1),
(2095, '2016-12-24', 'libre', 9, 1),
(2096, '2016-12-25', 'libre', 9, 1),
(2097, '2016-12-26', 'libre', 9, 1),
(2098, '2016-12-27', 'libre', 9, 1),
(2099, '2016-12-28', 'libre', 9, 1),
(2100, '2016-12-29', 'libre', 9, 1),
(2101, '2016-12-30', 'libre', 9, 1),
(2102, '2016-12-31', 'libre', 9, 1),
(2103, '2017-01-01', 'libre', 9, 1),
(2104, '2017-01-02', 'libre', 9, 1),
(2105, '2017-01-03', 'libre', 9, 4),
(2106, '2017-01-04', 'libre', 9, 4),
(2107, '2017-01-05', 'libre', 9, 4),
(2108, '2017-01-06', 'libre', 9, 4),
(2109, '2017-01-07', 'libre', 9, 4),
(2110, '2017-01-08', 'libre', 9, 4),
(2111, '2017-01-09', 'libre', 9, 4),
(2112, '2017-01-10', 'libre', 9, 4),
(2113, '2017-01-11', 'libre', 9, 4),
(2114, '2017-01-12', 'libre', 9, 4),
(2115, '2017-01-13', 'libre', 9, 4),
(2116, '2017-01-14', 'libre', 9, 4),
(2117, '2017-01-15', 'libre', 9, 4),
(2118, '2017-01-16', 'libre', 9, 4),
(2119, '2017-01-17', 'libre', 9, 4),
(2120, '2017-01-18', 'libre', 9, 4),
(2121, '2017-01-19', 'libre', 9, 4),
(2122, '2017-01-20', 'libre', 9, 4),
(2123, '2017-01-21', 'libre', 9, 4),
(2124, '2017-01-22', 'libre', 9, 4),
(2125, '2017-01-23', 'libre', 9, 4),
(2126, '2017-01-24', 'libre', 9, 4),
(2127, '2017-01-25', 'libre', 9, 4),
(2128, '2017-01-26', 'libre', 9, 4),
(2129, '2017-01-27', 'libre', 9, 4),
(2130, '2017-01-28', 'libre', 9, 4),
(2131, '2017-01-29', 'libre', 9, 4),
(2132, '2017-01-30', 'libre', 9, 4),
(2133, '2017-01-31', 'libre', 9, 4),
(2134, '2017-02-01', 'libre', 9, 4),
(2135, '2017-02-02', 'libre', 9, 4),
(2136, '2017-02-03', 'libre', 9, 4),
(2137, '2017-02-04', 'libre', 9, 4),
(2138, '2017-02-05', 'libre', 9, 2),
(2139, '2017-02-06', 'libre', 9, 2),
(2140, '2017-02-07', 'libre', 9, 2),
(2141, '2017-02-08', 'libre', 9, 2),
(2142, '2017-02-09', 'libre', 9, 2),
(2143, '2017-02-10', 'libre', 9, 2),
(2144, '2017-02-11', 'libre', 9, 2),
(2145, '2017-02-12', 'libre', 9, 2),
(2146, '2017-02-13', 'libre', 9, 2),
(2147, '2017-02-14', 'libre', 9, 2),
(2148, '2017-02-15', 'libre', 9, 2),
(2149, '2017-02-16', 'libre', 9, 2),
(2150, '2017-02-17', 'libre', 9, 2),
(2151, '2017-02-18', 'libre', 9, 2),
(2152, '2017-02-19', 'libre', 9, 2),
(2153, '2017-02-20', 'libre', 9, 2),
(2154, '2017-02-21', 'libre', 9, 2),
(2155, '2017-02-22', 'libre', 9, 2),
(2156, '2017-02-23', 'libre', 9, 2),
(2157, '2017-02-24', 'libre', 9, 2),
(2158, '2017-02-25', 'libre', 9, 2),
(2159, '2017-02-26', 'libre', 9, 2),
(2160, '2017-02-27', 'libre', 9, 2),
(2161, '2017-02-28', 'libre', 9, 2),
(2162, '2017-03-01', 'reserver', 9, 2),
(2163, '2017-03-02', 'reserver', 9, 2),
(2164, '2017-03-03', 'reserver', 9, 2),
(2165, '2017-03-04', 'reserver', 9, 2),
(2166, '2017-03-05', 'reserver', 9, 5),
(2167, '2017-03-06', 'reserver', 9, 5),
(2168, '2017-03-07', 'reserver', 9, 5),
(2169, '2017-03-08', 'reserver', 9, 5),
(2170, '2017-03-09', 'reserver', 9, 5),
(2171, '2017-03-10', 'reserver', 9, 5),
(2172, '2017-03-11', 'reserver', 9, 5),
(2173, '2017-03-12', 'reserver', 9, 5),
(2174, '2017-03-13', 'reserver', 9, 5),
(2175, '2017-03-14', 'reserver', 9, 5),
(2176, '2017-03-15', 'reserver', 9, 5),
(2177, '2017-03-16', 'reserver', 9, 5),
(2178, '2017-03-17', 'reserver', 9, 5),
(2179, '2017-03-18', 'reserver', 9, 5),
(2180, '2017-03-19', 'reserver', 9, 5),
(2181, '2017-03-20', 'reserver', 9, 5),
(2182, '2017-03-21', 'reserver', 9, 5),
(2183, '2017-03-22', 'reserver', 9, 5),
(2184, '2017-03-23', 'reserver', 9, 5),
(2185, '2017-03-24', 'reserver', 9, 5),
(2186, '2017-03-25', 'reserver', 9, 5),
(2187, '2017-03-27', 'reserver', 9, 5),
(2188, '2017-03-28', 'reserver', 9, 5),
(2189, '2017-03-29', 'reserver', 9, 5),
(2190, '2017-03-30', 'reserver', 9, 5),
(2191, '2017-03-31', 'libre', 9, 5),
(2192, '2017-04-01', 'libre', 9, 5),
(2193, '2017-04-02', 'libre', 9, 5),
(2194, '2017-04-03', 'libre', 9, 5),
(2195, '2017-04-04', 'libre', 9, 5),
(2196, '2017-04-05', 'libre', 9, 5),
(2197, '2017-04-06', 'libre', 9, 5),
(2198, '2017-04-07', 'libre', 9, 5),
(2199, '2017-04-08', 'libre', 9, 5),
(2200, '2017-04-09', 'libre', 9, 5),
(2201, '2017-04-10', 'libre', 9, 6),
(2202, '2017-04-11', 'libre', 9, 6),
(2203, '2017-04-12', 'libre', 9, 6),
(2204, '2017-04-13', 'libre', 9, 6),
(2205, '2017-04-14', 'libre', 9, 6),
(2206, '2017-04-15', 'libre', 9, 6),
(2207, '2017-04-16', 'libre', 9, 6),
(2208, '2017-04-17', 'libre', 9, 6),
(2209, '2017-04-18', 'libre', 9, 6),
(2210, '2017-04-19', 'libre', 9, 6),
(2211, '2017-04-20', 'libre', 9, 6),
(2212, '2017-04-21', 'libre', 9, 6),
(2213, '2017-04-22', 'libre', 9, 6),
(2214, '2017-04-23', 'libre', 9, 6),
(2215, '2017-04-24', 'libre', 9, 6),
(2216, '2017-04-25', 'libre', 9, 6),
(2217, '2017-04-26', 'libre', 9, 6),
(2218, '2017-04-27', 'libre', 9, 6),
(2219, '2017-04-28', 'libre', 9, 6),
(2220, '2017-04-29', 'libre', 9, 6),
(2221, '2017-04-30', 'libre', 9, 6),
(2222, '2017-05-01', 'libre', 9, 6),
(2223, '2017-05-02', 'libre', 9, 6),
(2224, '2017-05-03', 'libre', 9, 6),
(2225, '2017-05-04', 'libre', 9, 6),
(2226, '2017-05-05', 'libre', 9, 6),
(2227, '2017-05-06', 'libre', 9, 6),
(2228, '2017-05-07', 'libre', 9, 6),
(2229, '2017-05-08', 'libre', 9, 6),
(2230, '2017-05-09', 'libre', 9, 6),
(2231, '2017-05-10', 'libre', 9, 6),
(2232, '2017-05-11', 'libre', 9, 6),
(2233, '2017-05-12', 'libre', 9, 6),
(2234, '2017-05-13', 'libre', 9, 6),
(2235, '2017-05-14', 'libre', 9, 6),
(2236, '2017-05-15', 'libre', 9, 6),
(2237, '2017-05-16', 'libre', 9, 6),
(2238, '2017-05-17', 'libre', 9, 6),
(2239, '2017-05-18', 'libre', 9, 6),
(2240, '2017-05-19', 'libre', 9, 6),
(2241, '2017-05-20', 'libre', 9, 6),
(2242, '2017-05-21', 'libre', 9, 6),
(2243, '2017-05-22', 'libre', 9, 6),
(2244, '2017-05-23', 'libre', 9, 6),
(2245, '2017-05-24', 'libre', 9, 6),
(2246, '2017-05-25', 'libre', 9, 6),
(2247, '2017-05-26', 'libre', 9, 6),
(2248, '2017-05-27', 'libre', 9, 6),
(2249, '2017-05-28', 'libre', 9, 6),
(2250, '2017-05-29', 'libre', 9, 6),
(2251, '2017-05-30', 'libre', 9, 6),
(2252, '2017-05-31', 'libre', 9, 6),
(2253, '2017-06-01', 'libre', 9, 6),
(2254, '2017-06-02', 'libre', 9, 6),
(2255, '2017-06-03', 'libre', 9, 6),
(2256, '2017-06-04', 'libre', 9, 6),
(2257, '2017-06-05', 'libre', 9, 6),
(2258, '2017-06-06', 'libre', 9, 6),
(2259, '2017-06-07', 'libre', 9, 6),
(2260, '2017-06-08', 'libre', 9, 6),
(2261, '2017-06-09', 'libre', 9, 6),
(2262, '2017-06-10', 'libre', 9, 6),
(2263, '2017-06-11', 'libre', 9, 6),
(2264, '2017-06-12', 'libre', 9, 6),
(2265, '2017-06-13', 'libre', 9, 6),
(2266, '2017-06-14', 'libre', 9, 6),
(2267, '2017-06-15', 'libre', 9, 6),
(2268, '2017-06-16', 'libre', 9, 6),
(2269, '2017-06-17', 'libre', 9, 6),
(2270, '2017-06-18', 'libre', 9, 6),
(2271, '2017-06-19', 'libre', 9, 6),
(2272, '2017-06-20', 'libre', 9, 6),
(2273, '2017-06-21', 'libre', 9, 6),
(2274, '2017-06-22', 'libre', 9, 6),
(2275, '2017-06-23', 'libre', 9, 6),
(2276, '2017-06-24', 'libre', 9, 6),
(2277, '2017-06-25', 'libre', 9, 6),
(2278, '2017-06-26', 'libre', 9, 6),
(2279, '2017-06-27', 'libre', 9, 6),
(2280, '2017-06-28', 'libre', 9, 6),
(2281, '2017-06-29', 'libre', 9, 6),
(2282, '2017-06-30', 'libre', 9, 6),
(2283, '2017-07-01', 'libre', 9, 6),
(2284, '2017-07-02', 'libre', 9, 6),
(2285, '2017-07-03', 'libre', 9, 6),
(2286, '2017-07-04', 'libre', 9, 6),
(2287, '2017-07-05', 'libre', 9, 6),
(2288, '2017-07-06', 'libre', 9, 6),
(2289, '2017-07-07', 'libre', 9, 6),
(2290, '2017-07-08', 'libre', 9, 6),
(2291, '2017-07-09', 'libre', 9, 6),
(2292, '2017-07-10', 'libre', 9, 6),
(2293, '2017-07-11', 'libre', 9, 6),
(2294, '2017-07-12', 'libre', 9, 6),
(2295, '2017-07-13', 'libre', 9, 6),
(2296, '2017-07-14', 'libre', 9, 6),
(2297, '2017-07-15', 'libre', 9, 6),
(2298, '2017-07-16', 'libre', 9, 6),
(2299, '2017-07-17', 'libre', 9, 6),
(2300, '2017-07-18', 'libre', 9, 6),
(2301, '2017-07-19', 'libre', 9, 6),
(2302, '2017-07-20', 'libre', 9, 6),
(2303, '2017-07-21', 'libre', 9, 6),
(2304, '2017-07-22', 'libre', 9, 6),
(2305, '2017-07-23', 'libre', 9, 6),
(2306, '2017-07-24', 'libre', 9, 6),
(2307, '2017-07-25', 'libre', 9, 6),
(2308, '2017-07-26', 'libre', 9, 6),
(2309, '2017-07-27', 'libre', 9, 6),
(2310, '2017-07-28', 'libre', 9, 6),
(2311, '2017-07-29', 'libre', 9, 6),
(2312, '2017-07-30', 'libre', 9, 6),
(2313, '2017-07-31', 'libre', 9, 6),
(2314, '2017-08-01', 'libre', 9, 6),
(2315, '2017-08-02', 'libre', 9, 6),
(2316, '2017-08-03', 'libre', 9, 6),
(2317, '2017-08-04', 'libre', 9, 6),
(2318, '2017-08-05', 'libre', 9, 6),
(2319, '2017-08-06', 'libre', 9, 6),
(2320, '2017-08-07', 'libre', 9, 6),
(2321, '2017-08-08', 'libre', 9, 6),
(2322, '2017-08-09', 'libre', 9, 6),
(2323, '2017-08-10', 'libre', 9, 6),
(2324, '2017-08-11', 'libre', 9, 6),
(2325, '2017-08-12', 'libre', 9, 6),
(2326, '2017-08-13', 'libre', 9, 6),
(2327, '2017-08-14', 'libre', 9, 6),
(2328, '2017-08-15', 'libre', 9, 6),
(2329, '2017-08-16', 'libre', 9, 6),
(2330, '2017-08-17', 'libre', 9, 6),
(2331, '2017-08-18', 'libre', 9, 6),
(2332, '2017-08-19', 'libre', 9, 6),
(2333, '2017-08-20', 'libre', 9, 6),
(2334, '2017-08-21', 'libre', 9, 6),
(2335, '2017-08-22', 'libre', 9, 6),
(2336, '2017-08-23', 'libre', 9, 6),
(2337, '2017-08-24', 'libre', 9, 6),
(2338, '2017-08-25', 'libre', 9, 6),
(2339, '2017-08-26', 'libre', 9, 6),
(2340, '2017-08-27', 'libre', 9, 6),
(2341, '2017-08-28', 'libre', 9, 6),
(2342, '2017-08-29', 'libre', 9, 6),
(2343, '2017-08-30', 'libre', 9, 6),
(2344, '2017-08-31', 'libre', 9, 6),
(2345, '2017-09-01', 'libre', 9, 6),
(2346, '2016-10-02', 'libre', 10, 6),
(2347, '2016-10-03', 'libre', 10, 6),
(2348, '2016-10-04', 'libre', 10, 6),
(2349, '2016-10-05', 'libre', 10, 6),
(2350, '2016-10-06', 'libre', 10, 6),
(2351, '2016-10-07', 'libre', 10, 6),
(2352, '2016-10-08', 'libre', 10, 6),
(2353, '2016-10-09', 'libre', 10, 6),
(2354, '2016-10-10', 'libre', 10, 6),
(2355, '2016-10-11', 'libre', 10, 6),
(2356, '2016-10-12', 'libre', 10, 6),
(2357, '2016-10-13', 'libre', 10, 6),
(2358, '2016-10-14', 'libre', 10, 6),
(2359, '2016-10-15', 'libre', 10, 6),
(2360, '2016-10-16', 'libre', 10, 6),
(2361, '2016-10-17', 'libre', 10, 6),
(2362, '2016-10-18', 'libre', 10, 6),
(2363, '2016-10-19', 'libre', 10, 6),
(2364, '2016-10-20', 'libre', 10, 6),
(2365, '2016-10-21', 'libre', 10, 6),
(2366, '2016-10-22', 'libre', 10, 6),
(2367, '2016-10-23', 'libre', 10, 6),
(2368, '2016-10-24', 'libre', 10, 6),
(2369, '2016-10-25', 'libre', 10, 6),
(2370, '2016-10-26', 'libre', 10, 6),
(2371, '2016-10-27', 'libre', 10, 6),
(2372, '2016-10-28', 'libre', 10, 6),
(2373, '2016-10-29', 'libre', 10, 6),
(2374, '2016-10-30', 'libre', 10, 6),
(2375, '2016-10-30', 'libre', 10, 6),
(2376, '2016-10-31', 'libre', 10, 6),
(2377, '2016-11-01', 'libre', 10, 6),
(2378, '2016-11-02', 'libre', 10, 6),
(2379, '2016-11-03', 'libre', 10, 6),
(2380, '2016-11-04', 'libre', 10, 6),
(2381, '2016-11-05', 'libre', 10, 6),
(2382, '2016-11-06', 'libre', 10, 6),
(2383, '2016-11-07', 'libre', 10, 6),
(2384, '2016-11-08', 'libre', 10, 6),
(2385, '2016-11-09', 'libre', 10, 6),
(2386, '2016-11-10', 'libre', 10, 6),
(2387, '2016-11-11', 'libre', 10, 6),
(2388, '2016-11-12', 'libre', 10, 6),
(2389, '2016-11-13', 'libre', 10, 6),
(2390, '2016-11-14', 'libre', 10, 6),
(2391, '2016-11-15', 'libre', 10, 6),
(2392, '2016-11-16', 'libre', 10, 6),
(2393, '2016-11-17', 'libre', 10, 6),
(2394, '2016-11-18', 'libre', 10, 6),
(2395, '2016-11-19', 'libre', 10, 6),
(2396, '2016-11-20', 'libre', 10, 6),
(2397, '2016-11-21', 'libre', 10, 6),
(2398, '2016-11-22', 'libre', 10, 6),
(2399, '2016-11-23', 'libre', 10, 6),
(2400, '2016-11-24', 'libre', 10, 6),
(2401, '2016-11-25', 'libre', 10, 6),
(2402, '2016-11-26', 'libre', 10, 6),
(2403, '2016-11-27', 'libre', 10, 6),
(2404, '2016-11-28', 'libre', 10, 6),
(2405, '2016-11-29', 'libre', 10, 6),
(2406, '2016-11-30', 'libre', 10, 6),
(2407, '2016-12-01', 'libre', 10, 6),
(2408, '2016-12-02', 'libre', 10, 6),
(2409, '2016-12-03', 'libre', 10, 3),
(2410, '2016-12-04', 'libre', 10, 3),
(2411, '2016-12-05', 'libre', 10, 3),
(2412, '2016-12-06', 'libre', 10, 3),
(2413, '2016-12-07', 'libre', 10, 3),
(2414, '2016-12-08', 'libre', 10, 3),
(2415, '2016-12-09', 'libre', 10, 3),
(2416, '2016-12-10', 'libre', 10, 3),
(2417, '2016-12-11', 'libre', 10, 3),
(2418, '2016-12-12', 'libre', 10, 3),
(2419, '2016-12-13', 'libre', 10, 3),
(2420, '2016-12-14', 'libre', 10, 3),
(2421, '2016-12-15', 'libre', 10, 3),
(2422, '2016-12-16', 'libre', 10, 3),
(2423, '2016-12-17', 'libre', 10, 3),
(2424, '2016-12-18', 'libre', 10, 1),
(2425, '2016-12-19', 'libre', 10, 1),
(2426, '2016-12-20', 'libre', 10, 1),
(2427, '2016-12-21', 'libre', 10, 1),
(2428, '2016-12-22', 'libre', 10, 1),
(2429, '2016-12-23', 'libre', 10, 1),
(2430, '2016-12-24', 'libre', 10, 1),
(2431, '2016-12-25', 'libre', 10, 1),
(2432, '2016-12-26', 'libre', 10, 1),
(2433, '2016-12-27', 'libre', 10, 1),
(2434, '2016-12-28', 'libre', 10, 1),
(2435, '2016-12-29', 'libre', 10, 1),
(2436, '2016-12-30', 'libre', 10, 1),
(2437, '2016-12-31', 'libre', 10, 1),
(2438, '2017-01-01', 'libre', 10, 1),
(2439, '2017-01-02', 'libre', 10, 1),
(2440, '2017-01-03', 'libre', 10, 4),
(2441, '2017-01-04', 'libre', 10, 4),
(2442, '2017-01-05', 'libre', 10, 4),
(2443, '2017-01-06', 'libre', 10, 4),
(2444, '2017-01-07', 'libre', 10, 4),
(2445, '2017-01-08', 'libre', 10, 4),
(2446, '2017-01-09', 'libre', 10, 4),
(2447, '2017-01-10', 'libre', 10, 4),
(2448, '2017-01-11', 'libre', 10, 4),
(2449, '2017-01-12', 'libre', 10, 4),
(2450, '2017-01-13', 'libre', 10, 4),
(2451, '2017-01-14', 'libre', 10, 4),
(2452, '2017-01-15', 'libre', 10, 4),
(2453, '2017-01-16', 'libre', 10, 4),
(2454, '2017-01-17', 'libre', 10, 4),
(2455, '2017-01-18', 'libre', 10, 4),
(2456, '2017-01-19', 'libre', 10, 4),
(2457, '2017-01-20', 'libre', 10, 4),
(2458, '2017-01-21', 'libre', 10, 4),
(2459, '2017-01-22', 'libre', 10, 4),
(2460, '2017-01-23', 'libre', 10, 4),
(2461, '2017-01-24', 'libre', 10, 4),
(2462, '2017-01-25', 'libre', 10, 4),
(2463, '2017-01-26', 'libre', 10, 4),
(2464, '2017-01-27', 'libre', 10, 4),
(2465, '2017-01-28', 'libre', 10, 4),
(2466, '2017-01-29', 'libre', 10, 4),
(2467, '2017-01-30', 'libre', 10, 4),
(2468, '2017-01-31', 'libre', 10, 4),
(2469, '2017-02-01', 'libre', 10, 4),
(2470, '2017-02-02', 'libre', 10, 4),
(2471, '2017-02-03', 'libre', 10, 4),
(2472, '2017-02-04', 'libre', 10, 4),
(2473, '2017-02-05', 'libre', 10, 2),
(2474, '2017-02-06', 'libre', 10, 2),
(2475, '2017-02-07', 'libre', 10, 2),
(2476, '2017-02-08', 'libre', 10, 2),
(2477, '2017-02-09', 'libre', 10, 2),
(2478, '2017-02-10', 'libre', 10, 2),
(2479, '2017-02-11', 'libre', 10, 2),
(2480, '2017-02-12', 'libre', 10, 2),
(2481, '2017-02-13', 'libre', 10, 2),
(2482, '2017-02-14', 'libre', 10, 2),
(2483, '2017-02-15', 'libre', 10, 2),
(2484, '2017-02-16', 'libre', 10, 2),
(2485, '2017-02-17', 'libre', 10, 2),
(2486, '2017-02-18', 'libre', 10, 2),
(2487, '2017-02-19', 'libre', 10, 2),
(2488, '2017-02-20', 'libre', 10, 2),
(2489, '2017-02-21', 'libre', 10, 2),
(2490, '2017-02-22', 'libre', 10, 2),
(2491, '2017-02-23', 'libre', 10, 2),
(2492, '2017-02-24', 'libre', 10, 2),
(2493, '2017-02-25', 'libre', 10, 2),
(2494, '2017-02-26', 'libre', 10, 2),
(2495, '2017-02-27', 'libre', 10, 2),
(2496, '2017-02-28', 'libre', 10, 2),
(2497, '2017-03-01', 'libre', 10, 2),
(2498, '2017-03-02', 'libre', 10, 2),
(2499, '2017-03-03', 'libre', 10, 2),
(2500, '2017-03-04', 'libre', 10, 2),
(2501, '2017-03-05', 'libre', 10, 5),
(2502, '2017-03-06', 'libre', 10, 5),
(2503, '2017-03-07', 'libre', 10, 5),
(2504, '2017-03-08', 'libre', 10, 5),
(2505, '2017-03-09', 'libre', 10, 5),
(2506, '2017-03-10', 'libre', 10, 5),
(2507, '2017-03-11', 'libre', 10, 5),
(2508, '2017-03-12', 'libre', 10, 5),
(2509, '2017-03-13', 'libre', 10, 5),
(2510, '2017-03-14', 'libre', 10, 5),
(2511, '2017-03-15', 'libre', 10, 5),
(2512, '2017-03-16', 'libre', 10, 5),
(2513, '2017-03-17', 'libre', 10, 5),
(2514, '2017-03-18', 'libre', 10, 5),
(2515, '2017-03-19', 'libre', 10, 5),
(2516, '2017-03-20', 'libre', 10, 5),
(2517, '2017-03-21', 'libre', 10, 5),
(2518, '2017-03-22', 'libre', 10, 5),
(2519, '2017-03-23', 'libre', 10, 5),
(2520, '2017-03-24', 'libre', 10, 5),
(2521, '2017-03-25', 'libre', 10, 5),
(2522, '2017-03-27', 'libre', 10, 5),
(2523, '2017-03-28', 'libre', 10, 5),
(2524, '2017-03-29', 'libre', 10, 5),
(2525, '2017-03-30', 'libre', 10, 5),
(2526, '2017-03-31', 'libre', 10, 5),
(2527, '2017-04-01', 'libre', 10, 5),
(2528, '2017-04-02', 'libre', 10, 5),
(2529, '2017-04-03', 'libre', 10, 5),
(2530, '2017-04-04', 'libre', 10, 5),
(2531, '2017-04-05', 'libre', 10, 5),
(2532, '2017-04-06', 'libre', 10, 5),
(2533, '2017-04-07', 'libre', 10, 5),
(2534, '2017-04-08', 'libre', 10, 5),
(2535, '2017-04-09', 'libre', 10, 5),
(2536, '2017-04-10', 'libre', 10, 6),
(2537, '2017-04-11', 'libre', 10, 6),
(2538, '2017-04-12', 'libre', 10, 6),
(2539, '2017-04-13', 'libre', 10, 6),
(2540, '2017-04-14', 'libre', 10, 6),
(2541, '2017-04-15', 'libre', 10, 6),
(2542, '2017-04-16', 'libre', 10, 6),
(2543, '2017-04-17', 'libre', 10, 6),
(2544, '2017-04-18', 'libre', 10, 6),
(2545, '2017-04-19', 'libre', 10, 6),
(2546, '2017-04-20', 'libre', 10, 6),
(2547, '2017-04-21', 'libre', 10, 6),
(2548, '2017-04-22', 'libre', 10, 6),
(2549, '2017-04-23', 'libre', 10, 6),
(2550, '2017-04-24', 'libre', 10, 6),
(2551, '2017-04-25', 'libre', 10, 6),
(2552, '2017-04-26', 'libre', 10, 6),
(2553, '2017-04-27', 'libre', 10, 6),
(2554, '2017-04-28', 'libre', 10, 6),
(2555, '2017-04-29', 'libre', 10, 6),
(2556, '2017-04-30', 'libre', 10, 6),
(2557, '2017-05-01', 'libre', 10, 6),
(2558, '2017-05-02', 'libre', 10, 6),
(2559, '2017-05-03', 'libre', 10, 6),
(2560, '2017-05-04', 'libre', 10, 6),
(2561, '2017-05-05', 'libre', 10, 6),
(2562, '2017-05-06', 'libre', 10, 6),
(2563, '2017-05-07', 'libre', 10, 6),
(2564, '2017-05-08', 'libre', 10, 6),
(2565, '2017-05-09', 'libre', 10, 6),
(2566, '2017-05-10', 'libre', 10, 6),
(2567, '2017-05-11', 'libre', 10, 6),
(2568, '2017-05-12', 'libre', 10, 6),
(2569, '2017-05-13', 'libre', 10, 6),
(2570, '2017-05-14', 'libre', 10, 6),
(2571, '2017-05-15', 'libre', 10, 6),
(2572, '2017-05-16', 'libre', 10, 6),
(2573, '2017-05-17', 'libre', 10, 6),
(2574, '2017-05-18', 'libre', 10, 6),
(2575, '2017-05-19', 'libre', 10, 6),
(2576, '2017-05-20', 'libre', 10, 6),
(2577, '2017-05-21', 'libre', 10, 6),
(2578, '2017-05-22', 'libre', 10, 6),
(2579, '2017-05-23', 'libre', 10, 6),
(2580, '2017-05-24', 'libre', 10, 6),
(2581, '2017-05-25', 'libre', 10, 6),
(2582, '2017-05-26', 'libre', 10, 6),
(2583, '2017-05-27', 'libre', 10, 6),
(2584, '2017-05-28', 'libre', 10, 6),
(2585, '2017-05-29', 'libre', 10, 6),
(2586, '2017-05-30', 'libre', 10, 6),
(2587, '2017-05-31', 'libre', 10, 6),
(2588, '2017-06-01', 'libre', 10, 6),
(2589, '2017-06-02', 'libre', 10, 6),
(2590, '2017-06-03', 'libre', 10, 6),
(2591, '2017-06-04', 'libre', 10, 6),
(2592, '2017-06-05', 'libre', 10, 6),
(2593, '2017-06-06', 'libre', 10, 6),
(2594, '2017-06-07', 'libre', 10, 6),
(2595, '2017-06-08', 'libre', 10, 6),
(2596, '2017-06-09', 'libre', 10, 6),
(2597, '2017-06-10', 'libre', 10, 6),
(2598, '2017-06-11', 'libre', 10, 6),
(2599, '2017-06-12', 'libre', 10, 6),
(2600, '2017-06-13', 'libre', 10, 6),
(2601, '2017-06-14', 'libre', 10, 6),
(2602, '2017-06-15', 'libre', 10, 6),
(2603, '2017-06-16', 'libre', 10, 6),
(2604, '2017-06-17', 'libre', 10, 6),
(2605, '2017-06-18', 'libre', 10, 6),
(2606, '2017-06-19', 'libre', 10, 6),
(2607, '2017-06-20', 'libre', 10, 6),
(2608, '2017-06-21', 'libre', 10, 6),
(2609, '2017-06-22', 'libre', 10, 6),
(2610, '2017-06-23', 'libre', 10, 6),
(2611, '2017-06-24', 'libre', 10, 6),
(2612, '2017-06-25', 'libre', 10, 6),
(2613, '2017-06-26', 'libre', 10, 6),
(2614, '2017-06-27', 'libre', 10, 6),
(2615, '2017-06-28', 'libre', 10, 6),
(2616, '2017-06-29', 'libre', 10, 6),
(2617, '2017-06-30', 'libre', 10, 6),
(2618, '2017-07-01', 'libre', 10, 6),
(2619, '2017-07-02', 'libre', 10, 6),
(2620, '2017-07-03', 'libre', 10, 6),
(2621, '2017-07-04', 'libre', 10, 6),
(2622, '2017-07-05', 'libre', 10, 6),
(2623, '2017-07-06', 'libre', 10, 6),
(2624, '2017-07-07', 'libre', 10, 6),
(2625, '2017-07-08', 'libre', 10, 6),
(2626, '2017-07-09', 'libre', 10, 6),
(2627, '2017-07-10', 'libre', 10, 6),
(2628, '2017-07-11', 'libre', 10, 6),
(2629, '2017-07-12', 'libre', 10, 6),
(2630, '2017-07-13', 'libre', 10, 6),
(2631, '2017-07-14', 'libre', 10, 6),
(2632, '2017-07-15', 'libre', 10, 6),
(2633, '2017-07-16', 'libre', 10, 6),
(2634, '2017-07-17', 'libre', 10, 6),
(2635, '2017-07-18', 'libre', 10, 6),
(2636, '2017-07-19', 'libre', 10, 6),
(2637, '2017-07-20', 'libre', 10, 6),
(2638, '2017-07-21', 'libre', 10, 6),
(2639, '2017-07-22', 'libre', 10, 6),
(2640, '2017-07-23', 'libre', 10, 6),
(2641, '2017-07-24', 'libre', 10, 6),
(2642, '2017-07-25', 'libre', 10, 6),
(2643, '2017-07-26', 'libre', 10, 6),
(2644, '2017-07-27', 'libre', 10, 6),
(2645, '2017-07-28', 'libre', 10, 6),
(2646, '2017-07-29', 'libre', 10, 6),
(2647, '2017-07-30', 'libre', 10, 6),
(2648, '2017-07-31', 'libre', 10, 6),
(2649, '2017-08-01', 'libre', 10, 6),
(2650, '2017-08-02', 'libre', 10, 6),
(2651, '2017-08-03', 'libre', 10, 6),
(2652, '2017-08-04', 'libre', 10, 6),
(2653, '2017-08-05', 'libre', 10, 6),
(2654, '2017-08-06', 'libre', 10, 6),
(2655, '2017-08-07', 'libre', 10, 6),
(2656, '2017-08-08', 'libre', 10, 6),
(2657, '2017-08-09', 'libre', 10, 6),
(2658, '2017-08-10', 'libre', 10, 6),
(2659, '2017-08-11', 'libre', 10, 6),
(2660, '2017-08-12', 'libre', 10, 6),
(2661, '2017-08-13', 'libre', 10, 6),
(2662, '2017-08-14', 'libre', 10, 6),
(2663, '2017-08-15', 'libre', 10, 6),
(2664, '2017-08-16', 'libre', 10, 6),
(2665, '2017-08-17', 'libre', 10, 6),
(2666, '2017-08-18', 'libre', 10, 6),
(2667, '2017-08-19', 'libre', 10, 6),
(2668, '2017-08-20', 'libre', 10, 6),
(2669, '2017-08-21', 'libre', 10, 6),
(2670, '2017-08-22', 'libre', 10, 6),
(2671, '2017-08-23', 'libre', 10, 6),
(2672, '2017-08-24', 'libre', 10, 6),
(2673, '2017-08-25', 'libre', 10, 6),
(2674, '2017-08-26', 'libre', 10, 6),
(2675, '2017-08-27', 'libre', 10, 6),
(2676, '2017-08-28', 'libre', 10, 6),
(2677, '2017-08-29', 'libre', 10, 6),
(2678, '2017-08-30', 'libre', 10, 6),
(2679, '2017-08-31', 'libre', 10, 6),
(2680, '2017-09-01', 'libre', 10, 6),
(2681, '2016-10-02', 'libre', 11, 6),
(2682, '2016-10-03', 'libre', 11, 6),
(2683, '2016-10-04', 'libre', 11, 6),
(2684, '2016-10-05', 'libre', 11, 6),
(2685, '2016-10-06', 'libre', 11, 6),
(2686, '2016-10-07', 'libre', 11, 6),
(2687, '2016-10-08', 'libre', 11, 6),
(2688, '2016-10-09', 'libre', 11, 6),
(2689, '2016-10-10', 'libre', 11, 6),
(2690, '2016-10-11', 'libre', 11, 6),
(2691, '2016-10-12', 'libre', 11, 6),
(2692, '2016-10-13', 'libre', 11, 6),
(2693, '2016-10-14', 'libre', 11, 6),
(2694, '2016-10-15', 'libre', 11, 6),
(2695, '2016-10-16', 'libre', 11, 6),
(2696, '2016-10-17', 'libre', 11, 6),
(2697, '2016-10-18', 'libre', 11, 6),
(2698, '2016-10-19', 'libre', 11, 6),
(2699, '2016-10-20', 'libre', 11, 6),
(2700, '2016-10-21', 'libre', 11, 6),
(2701, '2016-10-22', 'libre', 11, 6),
(2702, '2016-10-23', 'libre', 11, 6),
(2703, '2016-10-24', 'libre', 11, 6),
(2704, '2016-10-25', 'libre', 11, 6),
(2705, '2016-10-26', 'libre', 11, 6),
(2706, '2016-10-27', 'libre', 11, 6),
(2707, '2016-10-28', 'libre', 11, 6),
(2708, '2016-10-29', 'libre', 11, 6),
(2709, '2016-10-30', 'libre', 11, 6),
(2710, '2016-10-30', 'libre', 11, 6),
(2711, '2016-10-31', 'libre', 11, 6),
(2712, '2016-11-01', 'libre', 11, 6),
(2713, '2016-11-02', 'libre', 11, 6),
(2714, '2016-11-03', 'libre', 11, 6),
(2715, '2016-11-04', 'libre', 11, 6),
(2716, '2016-11-05', 'libre', 11, 6),
(2717, '2016-11-06', 'libre', 11, 6),
(2718, '2016-11-07', 'libre', 11, 6),
(2719, '2016-11-08', 'libre', 11, 6),
(2720, '2016-11-09', 'libre', 11, 6),
(2721, '2016-11-10', 'libre', 11, 6),
(2722, '2016-11-11', 'libre', 11, 6),
(2723, '2016-11-12', 'libre', 11, 6),
(2724, '2016-11-13', 'libre', 11, 6),
(2725, '2016-11-14', 'libre', 11, 6),
(2726, '2016-11-15', 'libre', 11, 6),
(2727, '2016-11-16', 'libre', 11, 6),
(2728, '2016-11-17', 'libre', 11, 6),
(2729, '2016-11-18', 'libre', 11, 6),
(2730, '2016-11-19', 'libre', 11, 6),
(2731, '2016-11-20', 'libre', 11, 6),
(2732, '2016-11-21', 'libre', 11, 6),
(2733, '2016-11-22', 'libre', 11, 6),
(2734, '2016-11-23', 'libre', 11, 6),
(2735, '2016-11-24', 'libre', 11, 6),
(2736, '2016-11-25', 'libre', 11, 6),
(2737, '2016-11-26', 'libre', 11, 6),
(2738, '2016-11-27', 'libre', 11, 6),
(2739, '2016-11-28', 'libre', 11, 6),
(2740, '2016-11-29', 'libre', 11, 6),
(2741, '2016-11-30', 'libre', 11, 6),
(2742, '2016-12-01', 'libre', 11, 6),
(2743, '2016-12-02', 'libre', 11, 6),
(2744, '2016-12-03', 'libre', 11, 3),
(2745, '2016-12-04', 'libre', 11, 3),
(2746, '2016-12-05', 'libre', 11, 3),
(2747, '2016-12-06', 'libre', 11, 3),
(2748, '2016-12-07', 'libre', 11, 3),
(2749, '2016-12-08', 'libre', 11, 3),
(2750, '2016-12-09', 'libre', 11, 3),
(2751, '2016-12-10', 'libre', 11, 3),
(2752, '2016-12-11', 'libre', 11, 3),
(2753, '2016-12-12', 'libre', 11, 3),
(2754, '2016-12-13', 'libre', 11, 3),
(2755, '2016-12-14', 'libre', 11, 3),
(2756, '2016-12-15', 'libre', 11, 3),
(2757, '2016-12-16', 'libre', 11, 3),
(2758, '2016-12-17', 'libre', 11, 3),
(2759, '2016-12-18', 'libre', 11, 1),
(2760, '2016-12-19', 'libre', 11, 1),
(2761, '2016-12-20', 'libre', 11, 1),
(2762, '2016-12-21', 'libre', 11, 1),
(2763, '2016-12-22', 'libre', 11, 1),
(2764, '2016-12-23', 'libre', 11, 1),
(2765, '2016-12-24', 'libre', 11, 1),
(2766, '2016-12-25', 'libre', 11, 1),
(2767, '2016-12-26', 'libre', 11, 1),
(2768, '2016-12-27', 'libre', 11, 1),
(2769, '2016-12-28', 'libre', 11, 1),
(2770, '2016-12-29', 'libre', 11, 1),
(2771, '2016-12-30', 'libre', 11, 1),
(2772, '2016-12-31', 'libre', 11, 1),
(2773, '2017-01-01', 'reserver', 11, 1),
(2774, '2017-01-02', 'reserver', 11, 1),
(2775, '2017-01-03', 'reserver', 11, 4),
(2776, '2017-01-04', 'reserver', 11, 4),
(2777, '2017-01-05', 'reserver', 11, 4),
(2778, '2017-01-06', 'reserver', 11, 4),
(2779, '2017-01-07', 'reserver', 11, 4),
(2780, '2017-01-08', 'reserver', 11, 4),
(2781, '2017-01-09', 'reserver', 11, 4),
(2782, '2017-01-10', 'reserver', 11, 4),
(2783, '2017-01-11', 'reserver', 11, 4),
(2784, '2017-01-12', 'libre', 11, 4),
(2785, '2017-01-13', 'libre', 11, 4),
(2786, '2017-01-14', 'libre', 11, 4),
(2787, '2017-01-15', 'libre', 11, 4),
(2788, '2017-01-16', 'libre', 11, 4),
(2789, '2017-01-17', 'libre', 11, 4),
(2790, '2017-01-18', 'libre', 11, 4),
(2791, '2017-01-19', 'libre', 11, 4),
(2792, '2017-01-20', 'libre', 11, 4),
(2793, '2017-01-21', 'libre', 11, 4),
(2794, '2017-01-22', 'libre', 11, 4),
(2795, '2017-01-23', 'libre', 11, 4),
(2796, '2017-01-24', 'libre', 11, 4),
(2797, '2017-01-25', 'libre', 11, 4),
(2798, '2017-01-26', 'libre', 11, 4),
(2799, '2017-01-27', 'libre', 11, 4),
(2800, '2017-01-28', 'libre', 11, 4),
(2801, '2017-01-29', 'libre', 11, 4),
(2802, '2017-01-30', 'libre', 11, 4),
(2803, '2017-01-31', 'libre', 11, 4),
(2804, '2017-02-01', 'libre', 11, 4),
(2805, '2017-02-02', 'libre', 11, 4),
(2806, '2017-02-03', 'libre', 11, 4),
(2807, '2017-02-04', 'libre', 11, 4),
(2808, '2017-02-05', 'libre', 11, 2),
(2809, '2017-02-06', 'libre', 11, 2),
(2810, '2017-02-07', 'libre', 11, 2),
(2811, '2017-02-08', 'libre', 11, 2),
(2812, '2017-02-09', 'libre', 11, 2),
(2813, '2017-02-10', 'libre', 11, 2),
(2814, '2017-02-11', 'libre', 11, 2),
(2815, '2017-02-12', 'libre', 11, 2),
(2816, '2017-02-13', 'libre', 11, 2),
(2817, '2017-02-14', 'libre', 11, 2),
(2818, '2017-02-15', 'libre', 11, 2),
(2819, '2017-02-16', 'libre', 11, 2),
(2820, '2017-02-17', 'libre', 11, 2),
(2821, '2017-02-18', 'libre', 11, 2),
(2822, '2017-02-19', 'libre', 11, 2),
(2823, '2017-02-20', 'libre', 11, 2),
(2824, '2017-02-21', 'libre', 11, 2),
(2825, '2017-02-22', 'libre', 11, 2),
(2826, '2017-02-23', 'libre', 11, 2),
(2827, '2017-02-24', 'libre', 11, 2),
(2828, '2017-02-25', 'libre', 11, 2),
(2829, '2017-02-26', 'libre', 11, 2),
(2830, '2017-02-27', 'libre', 11, 2),
(2831, '2017-02-28', 'libre', 11, 2),
(2832, '2017-03-01', 'libre', 11, 2),
(2833, '2017-03-02', 'libre', 11, 2),
(2834, '2017-03-03', 'libre', 11, 2),
(2835, '2017-03-04', 'libre', 11, 2),
(2836, '2017-03-05', 'libre', 11, 5),
(2837, '2017-03-06', 'libre', 11, 5),
(2838, '2017-03-07', 'libre', 11, 5),
(2839, '2017-03-08', 'libre', 11, 5),
(2840, '2017-03-09', 'libre', 11, 5),
(2841, '2017-03-10', 'libre', 11, 5),
(2842, '2017-03-11', 'libre', 11, 5),
(2843, '2017-03-12', 'libre', 11, 5),
(2844, '2017-03-13', 'libre', 11, 5),
(2845, '2017-03-14', 'libre', 11, 5),
(2846, '2017-03-15', 'libre', 11, 5),
(2847, '2017-03-16', 'libre', 11, 5),
(2848, '2017-03-17', 'libre', 11, 5),
(2849, '2017-03-18', 'libre', 11, 5),
(2850, '2017-03-19', 'libre', 11, 5),
(2851, '2017-03-20', 'libre', 11, 5),
(2852, '2017-03-21', 'libre', 11, 5),
(2853, '2017-03-22', 'libre', 11, 5),
(2854, '2017-03-23', 'libre', 11, 5),
(2855, '2017-03-24', 'libre', 11, 5),
(2856, '2017-03-25', 'libre', 11, 5),
(2857, '2017-03-27', 'libre', 11, 5),
(2858, '2017-03-28', 'libre', 11, 5),
(2859, '2017-03-29', 'libre', 11, 5),
(2860, '2017-03-30', 'libre', 11, 5),
(2861, '2017-03-31', 'libre', 11, 5),
(2862, '2017-04-01', 'libre', 11, 5),
(2863, '2017-04-02', 'libre', 11, 5),
(2864, '2017-04-03', 'libre', 11, 5);
INSERT INTO `datelocation` (`idD`, `dateJour`, `libre`, `id_location`, `id_saison`) VALUES
(2865, '2017-04-04', 'libre', 11, 5),
(2866, '2017-04-05', 'libre', 11, 5),
(2867, '2017-04-06', 'libre', 11, 5),
(2868, '2017-04-07', 'libre', 11, 5),
(2869, '2017-04-08', 'libre', 11, 5),
(2870, '2017-04-09', 'libre', 11, 5),
(2871, '2017-04-10', 'libre', 11, 6),
(2872, '2017-04-11', 'libre', 11, 6),
(2873, '2017-04-12', 'libre', 11, 6),
(2874, '2017-04-13', 'libre', 11, 6),
(2875, '2017-04-14', 'libre', 11, 6),
(2876, '2017-04-15', 'libre', 11, 6),
(2877, '2017-04-16', 'libre', 11, 6),
(2878, '2017-04-17', 'libre', 11, 6),
(2879, '2017-04-18', 'libre', 11, 6),
(2880, '2017-04-19', 'libre', 11, 6),
(2881, '2017-04-20', 'libre', 11, 6),
(2882, '2017-04-21', 'libre', 11, 6),
(2883, '2017-04-22', 'libre', 11, 6),
(2884, '2017-04-23', 'libre', 11, 6),
(2885, '2017-04-24', 'libre', 11, 6),
(2886, '2017-04-25', 'libre', 11, 6),
(2887, '2017-04-26', 'libre', 11, 6),
(2888, '2017-04-27', 'libre', 11, 6),
(2889, '2017-04-28', 'libre', 11, 6),
(2890, '2017-04-29', 'libre', 11, 6),
(2891, '2017-04-30', 'libre', 11, 6),
(2892, '2017-05-01', 'libre', 11, 6),
(2893, '2017-05-02', 'libre', 11, 6),
(2894, '2017-05-03', 'libre', 11, 6),
(2895, '2017-05-04', 'libre', 11, 6),
(2896, '2017-05-05', 'libre', 11, 6),
(2897, '2017-05-06', 'libre', 11, 6),
(2898, '2017-05-07', 'libre', 11, 6),
(2899, '2017-05-08', 'libre', 11, 6),
(2900, '2017-05-09', 'libre', 11, 6),
(2901, '2017-05-10', 'libre', 11, 6),
(2902, '2017-05-11', 'libre', 11, 6),
(2903, '2017-05-12', 'libre', 11, 6),
(2904, '2017-05-13', 'libre', 11, 6),
(2905, '2017-05-14', 'libre', 11, 6),
(2906, '2017-05-15', 'libre', 11, 6),
(2907, '2017-05-16', 'libre', 11, 6),
(2908, '2017-05-17', 'libre', 11, 6),
(2909, '2017-05-18', 'libre', 11, 6),
(2910, '2017-05-19', 'libre', 11, 6),
(2911, '2017-05-20', 'libre', 11, 6),
(2912, '2017-05-21', 'libre', 11, 6),
(2913, '2017-05-22', 'libre', 11, 6),
(2914, '2017-05-23', 'libre', 11, 6),
(2915, '2017-05-24', 'libre', 11, 6),
(2916, '2017-05-25', 'libre', 11, 6),
(2917, '2017-05-26', 'libre', 11, 6),
(2918, '2017-05-27', 'libre', 11, 6),
(2919, '2017-05-28', 'libre', 11, 6),
(2920, '2017-05-29', 'libre', 11, 6),
(2921, '2017-05-30', 'libre', 11, 6),
(2922, '2017-05-31', 'libre', 11, 6),
(2923, '2017-06-01', 'libre', 11, 6),
(2924, '2017-06-02', 'libre', 11, 6),
(2925, '2017-06-03', 'libre', 11, 6),
(2926, '2017-06-04', 'libre', 11, 6),
(2927, '2017-06-05', 'libre', 11, 6),
(2928, '2017-06-06', 'libre', 11, 6),
(2929, '2017-06-07', 'libre', 11, 6),
(2930, '2017-06-08', 'libre', 11, 6),
(2931, '2017-06-09', 'libre', 11, 6),
(2932, '2017-06-10', 'libre', 11, 6),
(2933, '2017-06-11', 'libre', 11, 6),
(2934, '2017-06-12', 'libre', 11, 6),
(2935, '2017-06-13', 'libre', 11, 6),
(2936, '2017-06-14', 'libre', 11, 6),
(2937, '2017-06-15', 'libre', 11, 6),
(2938, '2017-06-16', 'libre', 11, 6),
(2939, '2017-06-17', 'libre', 11, 6),
(2940, '2017-06-18', 'libre', 11, 6),
(2941, '2017-06-19', 'libre', 11, 6),
(2942, '2017-06-20', 'libre', 11, 6),
(2943, '2017-06-21', 'libre', 11, 6),
(2944, '2017-06-22', 'libre', 11, 6),
(2945, '2017-06-23', 'libre', 11, 6),
(2946, '2017-06-24', 'libre', 11, 6),
(2947, '2017-06-25', 'libre', 11, 6),
(2948, '2017-06-26', 'libre', 11, 6),
(2949, '2017-06-27', 'libre', 11, 6),
(2950, '2017-06-28', 'libre', 11, 6),
(2951, '2017-06-29', 'libre', 11, 6),
(2952, '2017-06-30', 'libre', 11, 6),
(2953, '2017-07-01', 'libre', 11, 6),
(2954, '2017-07-02', 'libre', 11, 6),
(2955, '2017-07-03', 'libre', 11, 6),
(2956, '2017-07-04', 'libre', 11, 6),
(2957, '2017-07-05', 'libre', 11, 6),
(2958, '2017-07-06', 'libre', 11, 6),
(2959, '2017-07-07', 'libre', 11, 6),
(2960, '2017-07-08', 'libre', 11, 6),
(2961, '2017-07-09', 'libre', 11, 6),
(2962, '2017-07-10', 'libre', 11, 6),
(2963, '2017-07-11', 'libre', 11, 6),
(2964, '2017-07-12', 'libre', 11, 6),
(2965, '2017-07-13', 'libre', 11, 6),
(2966, '2017-07-14', 'libre', 11, 6),
(2967, '2017-07-15', 'libre', 11, 6),
(2968, '2017-07-16', 'libre', 11, 6),
(2969, '2017-07-17', 'libre', 11, 6),
(2970, '2017-07-18', 'libre', 11, 6),
(2971, '2017-07-19', 'libre', 11, 6),
(2972, '2017-07-20', 'libre', 11, 6),
(2973, '2017-07-21', 'libre', 11, 6),
(2974, '2017-07-22', 'libre', 11, 6),
(2975, '2017-07-23', 'libre', 11, 6),
(2976, '2017-07-24', 'libre', 11, 6),
(2977, '2017-07-25', 'libre', 11, 6),
(2978, '2017-07-26', 'libre', 11, 6),
(2979, '2017-07-27', 'libre', 11, 6),
(2980, '2017-07-28', 'libre', 11, 6),
(2981, '2017-07-29', 'libre', 11, 6),
(2982, '2017-07-30', 'libre', 11, 6),
(2983, '2017-07-31', 'libre', 11, 6),
(2984, '2017-08-01', 'libre', 11, 6),
(2985, '2017-08-02', 'libre', 11, 6),
(2986, '2017-08-03', 'libre', 11, 6),
(2987, '2017-08-04', 'libre', 11, 6),
(2988, '2017-08-05', 'libre', 11, 6),
(2989, '2017-08-06', 'libre', 11, 6),
(2990, '2017-08-07', 'libre', 11, 6),
(2991, '2017-08-08', 'libre', 11, 6),
(2992, '2017-08-09', 'libre', 11, 6),
(2993, '2017-08-10', 'libre', 11, 6),
(2994, '2017-08-11', 'libre', 11, 6),
(2995, '2017-08-12', 'libre', 11, 6),
(2996, '2017-08-13', 'libre', 11, 6),
(2997, '2017-08-14', 'libre', 11, 6),
(2998, '2017-08-15', 'libre', 11, 6),
(2999, '2017-08-16', 'libre', 11, 6),
(3000, '2017-08-17', 'libre', 11, 6),
(3001, '2017-08-18', 'libre', 11, 6),
(3002, '2017-08-19', 'libre', 11, 6),
(3003, '2017-08-20', 'libre', 11, 6),
(3004, '2017-08-21', 'libre', 11, 6),
(3005, '2017-08-22', 'libre', 11, 6),
(3006, '2017-08-23', 'libre', 11, 6),
(3007, '2017-08-24', 'libre', 11, 6),
(3008, '2017-08-25', 'libre', 11, 6),
(3009, '2017-08-26', 'libre', 11, 6),
(3010, '2017-08-27', 'libre', 11, 6),
(3011, '2017-08-28', 'libre', 11, 6),
(3012, '2017-08-29', 'libre', 11, 6),
(3013, '2017-08-30', 'libre', 11, 6),
(3014, '2017-08-31', 'libre', 11, 6),
(3015, '2017-09-01', 'libre', 11, 6);

-- --------------------------------------------------------

--
-- Structure de la table `demande`
--

CREATE TABLE IF NOT EXISTS `demande` (
  `id` int(11) NOT NULL AUTO_INCREMENT,
  `message` longtext COLLATE latin1_general_ci NOT NULL,
  `dateD` date NOT NULL,
  `dateF` date NOT NULL,
  `confirme` varchar(50) COLLATE latin1_general_ci NOT NULL,
  `location_id` int(11) NOT NULL,
  `client_id` int(11) NOT NULL,
  `dateDemande` date NOT NULL,
  `acompte` float NOT NULL,
  PRIMARY KEY (`id`)
) ENGINE=InnoDB  DEFAULT CHARSET=latin1 COLLATE=latin1_general_ci AUTO_INCREMENT=13 ;

--
-- Contenu de la table `demande`
--

INSERT INTO `demande` (`id`, `message`, `dateD`, `dateF`, `confirme`, `location_id`, `client_id`, `dateDemande`, `acompte`) VALUES
(1, '', '2017-01-01', '2017-01-25', 'attAcompte', 8, 1, '2017-05-31', 0),
(9, '', '2017-01-01', '2017-01-11', 'attAcompte', 8, 1, '2017-06-01', 0),
(10, '', '2017-03-01', '2017-03-10', 'attAcompte', 8, 1, '2017-06-01', 0),
(11, '', '2017-07-08', '2017-07-15', 'reserver', 8, 1, '0000-00-00', 0),
(12, '', '2017-03-01', '2017-03-30', 'attReponse', 9, 1, '2017-06-01', 0);

-- --------------------------------------------------------

--
-- Structure de la table `demandeproprio`
--

CREATE TABLE IF NOT EXISTS `demandeproprio` (
  `idD` int(11) NOT NULL AUTO_INCREMENT,
  `proprietair_id` int(11) NOT NULL,
  `location_id` int(11) NOT NULL,
  `etat` varchar(70) COLLATE latin1_general_ci NOT NULL,
  PRIMARY KEY (`idD`)
) ENGINE=InnoDB  DEFAULT CHARSET=latin1 COLLATE=latin1_general_ci AUTO_INCREMENT=6 ;

--
-- Contenu de la table `demandeproprio`
--

INSERT INTO `demandeproprio` (`idD`, `proprietair_id`, `location_id`, `etat`) VALUES
(1, 9, 7, 'signer'),
(2, 9, 8, 'signer'),
(3, 8, 9, 'negociation'),
(4, 8, 10, 'signer'),
(5, 8, 11, 'signer');

-- --------------------------------------------------------

--
-- Structure de la table `info`
--

CREATE TABLE IF NOT EXISTS `info` (
  `mentionLegale` longtext COLLATE latin1_general_ci NOT NULL,
  `conditionVente` longtext COLLATE latin1_general_ci NOT NULL,
  `descriptif` longtext CHARACTER SET utf8 COLLATE utf8_unicode_ci NOT NULL,
  `adresse` varchar(150) COLLATE latin1_general_ci NOT NULL,
  `ville` varchar(70) COLLATE latin1_general_ci NOT NULL,
  `tel` varchar(15) COLLATE latin1_general_ci NOT NULL,
  `codeP` varchar(5) COLLATE latin1_general_ci NOT NULL,
  `id` int(11) NOT NULL AUTO_INCREMENT,
  `entreprise` varchar(70) COLLATE latin1_general_ci NOT NULL,
  PRIMARY KEY (`id`)
) ENGINE=InnoDB  DEFAULT CHARSET=latin1 COLLATE=latin1_general_ci AUTO_INCREMENT=2 ;

--
-- Contenu de la table `info`
--

INSERT INTO `info` (`mentionLegale`, `conditionVente`, `descriptif`, `adresse`, `ville`, `tel`, `codeP`, `id`, `entreprise`) VALUES
('', '', 'Duplexque isdem diebus acciderat malum, quod et Theophilum insontem atrox interceperat casus, et Serenianus dignus exsecratione cunctorum, innoxius, modo non reclamante publico vigore, discessit.\r\n\r\nExcitavit hic ardor milites per municipia plurima, quae isdem conterminant, dispositos et castella, sed quisque serpentes latius pro viribus repellere moliens, nunc globis confertos, aliquotiens et dispersos multitudine superabatur ingenti, quae nata et educata inter editos recurvosque ambitus montium eos ut loca plana persultat et mollia, missilibus obvios eminus lacessens et ululatu truci perterrens.', 'Maison du Tourisme', 'Chateau Ville Vieille', '04 92 46 76 18', '05350', 1, 'NeigeetSoleil');

-- --------------------------------------------------------

--
-- Structure de la table `infosaison`
--

CREATE TABLE IF NOT EXISTS `infosaison` (
  `idI` int(11) NOT NULL AUTO_INCREMENT,
  `annee` year(4) NOT NULL,
  `prixS` float NOT NULL,
  `prixJ` float NOT NULL,
  `nbPiste` int(11) NOT NULL,
  `clients` int(11) NOT NULL,
  `station_id` int(11) NOT NULL,
  PRIMARY KEY (`idI`)
) ENGINE=InnoDB  DEFAULT CHARSET=latin1 COLLATE=latin1_general_ci AUTO_INCREMENT=24 ;

--
-- Contenu de la table `infosaison`
--

INSERT INTO `infosaison` (`idI`, `annee`, `prixS`, `prixJ`, `nbPiste`, `clients`, `station_id`) VALUES
(2, 2017, 20.2, 120, 32, 2000, 1),
(3, 2017, 24.3, 130.32, 40, 0, 3),
(4, 2017, 22.3, 125.3, 25, 0, 4),
(5, 2017, 28, 150.3, 55, 0, 5),
(6, 2017, 50, 250.3, 24, 0, 6),
(7, 2017, 21.2, 120, 35, 0, 7),
(8, 2016, 25.6, 132.2, 48, 125000, 1),
(11, 2017, 20.2, 120, 32, 74, 1),
(12, 2016, 150, 50, 52, 15000, 1),
(13, 2016, 150, 50, 50, 150, 1),
(14, 2016, 20, 250, 50, 45, 2),
(15, 2016, 20, 250, 50, 45, 1),
(16, 2016, 205, 50, 50, 50, 2),
(17, 2017, 300, 25, 50, 200, 9),
(18, 2016, 350, 35, 47, 0, 10),
(19, 2017, 320, 25, 21, 0, 10),
(20, 2017, 205, 24, 50, 6, 9),
(21, 2016, 320, 25, 50, 17441, 9),
(22, 2016, 248, 20, 45, 145232, 10),
(23, 2016, 287, 24, 24, 231351, 11);

-- --------------------------------------------------------

--
-- Structure de la table `location`
--

CREATE TABLE IF NOT EXISTS `location` (
  `idL` int(11) NOT NULL AUTO_INCREMENT,
  `Nom` varchar(30) COLLATE latin1_general_ci NOT NULL,
  `chambre` int(2) NOT NULL,
  `place` int(2) NOT NULL,
  `ville` varchar(120) CHARACTER SET utf8 NOT NULL,
  `adresse` varchar(100) COLLATE latin1_general_ci NOT NULL,
  `codeP` varchar(5) COLLATE latin1_general_ci NOT NULL,
  `vallee` varchar(70) CHARACTER SET utf8 NOT NULL,
  `prixJ` float NOT NULL,
  `prixS` float NOT NULL,
  `photos` longtext COLLATE latin1_general_ci NOT NULL,
  `detail` longtext COLLATE latin1_general_ci NOT NULL,
  `douche` int(11) NOT NULL,
  `proprietair_id` int(11) NOT NULL,
  `statut` varchar(50) COLLATE latin1_general_ci NOT NULL,
  PRIMARY KEY (`idL`),
  KEY `idL` (`idL`)
) ENGINE=InnoDB  DEFAULT CHARSET=latin1 COLLATE=latin1_general_ci AUTO_INCREMENT=12 ;

--
-- Contenu de la table `location`
--

INSERT INTO `location` (`idL`, `Nom`, `chambre`, `place`, `ville`, `adresse`, `codeP`, `vallee`, `prixJ`, `prixS`, `photos`, `detail`, `douche`, `proprietair_id`, `statut`) VALUES
(3, 'Chalet 10 personnes', 4, 9, 'ARVIEUX', 'Hameau de Villargaudin', '05350', 'vallée des aigues', 150, 780, '800x600_chalet-lucas-13-39526rbphv.jpg,800x600_chalet-lucas-1-19201rbphv.jpg,800x600_chalet-lucas-5-19205rbphv.jpg,800x600_chalet-lucas-7-19207rbphv.jpg,800x600_chalet-lucas-10-19210rbphv.jpg,800x600_chalet-lucas-12-39527rbphv.jpg,800x600_chalet-lucas-10-19210rbphv.jpg', 'Lorem ipsum dolor sit amet, consectetur adipiscing elit. Cras posuere placerat arcu, vel congue libero volutpat eget. Cras sit amet tellus nibh. Ut accumsan purus quis varius lobortis. Phasellus libero dolor, volutpat a sem quis, laoreet tincidunt mi. Aenean ac libero dolor. Vestibulum et semper arcu. Ut viverra finibus sapien, vulputate porttitor arcu vulputate ac. Aliquam ut nunc tincidunt, ultrices diam et, tristique urna. Cras nisi metus, condimentum nec pulvinar vitae, accumsan quis risus. Fusce vel varius mi, nec commodo dui. ', 2, 7, ''),
(4, 'Chalet 6 personnes', 3, 6, 'MOLINES EN QUEYRAS', 'Gaudissard', '05350', 'vallée des aigues', 80, 600, '800x600_chalet-lucas-13-39526ursgq.jpg,800x600_chalet-orvane-3-13020ursgq.jpg,800x600_chalet-orvane-4-13021ursgq.jpg,800x600_chalet-orvane-5-13022ursgq.jpg,800x600_chalet-orvane-3-13020ursgq.jpg', 'Nulla vitae augue condimentum neque iaculis dignissim egestas quis nisl. Aliquam purus mi, laoreet a nisi mattis, imperdiet hendrerit mi. Mauris a facilisis odio, at luctus nisl. Nam euismod pharetra felis, non ullamcorper ligula fringilla laoreet. Praesent interdum libero nec nibh facilisis, feugiat condimentum sapien feugiat. Mauris ullamcorper interdum dolor non aliquet. Nunc fermentum lacinia lacus non pharetra. In eget com', 1, 7, ''),
(5, 'Chalet de Charme ', 4, 8, 'Château Ville-Vieille', 'Maison du Tourisme', '05350', 'Vallée du Cristillan Ceillac', 150, 1078, '800x600_appartement-gregoirephilippe-1-1343-25984tdasx.jpg,800x600_appartement-gregoirephilippe-3-1345-25986tdasx.jpg,800x600_appartement-gregoirephilippe-4-1346-25987tdasx.jpg,800x600_appartement-gregoirephilippe-4-1346-25987tdasx.jpg,800x600_chalet-orvane-5-13022tdasx.jpg', 'feugiat. Mauris ullamcorper interdum dolor non aliquet. Nunc fermentum lacinia lacus non pharetra. In eget commodo quam. In tristique urna maximus laoreet laoreet. Phasellus sed elementum urna, eu dapibus dui.\r\n\r\nPellentesque lobortis varius purus sit amet porttitor. Interdum et malesuada fames ac ante ipsum primis in faucibus. Phasellus tempor egestas lacus, at venenatis odio pharetra vitae. Mauris sit amet elit sodales, placerat tellus nec, vestibulum risus. Proin quis orci ac arcu ultrices malesuada. Nulla in orci justo. Integer sed accumsan nunc. Vivamus a diam interdum, imperdiet magna et, sagittis augue. Nulla mi justo, aliquet sit amet dolor eu, venenatis molestie nibh. ', 1, 8, ''),
(6, 'Gite en gestion libre', 5, 9, ' Château Ville-Vieille', 'Maison du Tourisme', '05350', 'Vallée du Haut-Guil', 250, 1200, '800x600_appartement-imbertemile-8-4866vncli.jpg,800x600_lechaletdesroutiers-1-10305-38185vncli.jpg,800x600_lechaletdesroutiers-1-10306-38186vncli.jpg,800x600_lechaletdesroutiers-1-10312-38190vncli.jpg,800x600_lechaletdesroutiers-1-18209-38183vncli.jpg', 'Etiam maximus dignissim orci quis rhoncus. Cras eget sagittis sapien. Fusce id ultricies ipsum. Sed sit amet dui non turpis vulputate sagittis. Sed nisi mi, interdum eget euismod quis, viverra sed leo. Ut sodales feugiat mauris, eu iaculis neque accumsan eget. Etiam dignissim sem purus, at convallis nisl pharetra vel. Phasellus turpis nulla, hend', 2, 9, ''),
(7, 'côte de l''Aigle', 5, 9, ' CEILLAC', 'Route du Cristillan', '05600', 'Vallée de l''izoard arvieux', 1350, 1350, '800x600_lechaletdesroutiers-1-18208-38184wklas0.jpg,800x600_appartement-perronvalerie-6-4642-10558-15102wklas1.jpg,800x600_appartement-perronvalerie-10-4644-10556-15100wklas2.jpg,800x600_appartement-perronvalerie-9-4643-10557-15101wklas3.jpg,800x600_appartement-perronvalerie-11-4645-10555-15099wklas4.jpg,800x600_appartement-perronvalerie-12-4646-10551-15092wklas5.jpg,800x600_appartement-perronvalerie-12-4646-10551-15092wklas6.jpg', '', 2, 9, ''),
(8, 'Chalet des Feyssettes ', 5, 9, 'MOLINES EN QUEYRAS', 'Gaudissart', '05350', 'Vallée des aigues', 1100, 1100, '800x600_lechaletdesroutiers-1-18208-38184yeftd0.jpg,800x600_appartement-gerin-interieur-9741yeftd1.jpg,800x600_appartement-gerin-interieur-1813yeftd2.jpg,800x600_appartement-gerin-interieur-1817yeftd3.jpg,800x600_appartement-gerin-interieur-1818yeftd4.jpg,800x600_appartement-gerin-interieur-9740yeftd5.jpg', '', 2, 9, ''),
(9, 'Chalet individuel 8 personnes', 4, 8, 'Château Renard', 'Hameau du Coin', 'MOLIN', 'Vallée du Haut-Guil', 600, 600, '800x600_appartement-germain-13-24156wklrs0.jpg,800x600_appartement-germain-4-24146wklrs1.jpg,800x600_appartement-germain-7-24150wklrs2.jpg,800x600_appartement-germain-12-24155wklrs3.jpg,800x600_appartement-germain-20-24163wklrs4.jpg', '', 1, 8, 'negociation'),
(10, 'Appartement 4 personnes G0', 2, 3, 'MOLINES EN QUEYRAS', 'Appartement 4 personnes G0', '05350', 'Vallée des aigues', 500, 500, '800x600_eymeoud-pierre-molines-15145rsphm0.jpg,800x600_graellsia1-8-70m2-1-15146rsphm1.jpg,800x600_graellsia1-8-70m2-2-15147rsphm2.jpg,800x600_graellsia1-8-70m2-3-15148rsphm3.jpg,800x600_lechaletdesroutiers-1-18208-38184rsphm4.jpg', '', 1, 8, 'negociation'),
(11, 'Appartement Grange Haute 4', 2, 4, 'MOLINES EN QUEYRAS', 'Le Serre', '05350', 'Vallée des aigues', 350, 350, '800x600_lechaletdesroutiers-1-18208-38184gqvwk0.jpg,800x600_appartement-claude-et-maguy-descombes-29704gqvwk1.jpg,800x600_appartement-claude-et-maguy-descombes-29706gqvwk2.jpg,800x600_appartement-claude-et-maguy-descombes-29706gqvwk3.jpg,800x600_appartement-claude-et-maguy-descombes-29707gqvwk4.jpg,800x600_appartement-claude-et-maguy-descombes-29703gqvwk5.jpg', '', 1, 8, '');

-- --------------------------------------------------------

--
-- Doublure de structure pour la vue `location_louer`
--
CREATE TABLE IF NOT EXISTS `location_louer` (
`id_location` int(11)
,`annee` int(4)
,`mois` int(2)
,`nbJours` bigint(21)
);
-- --------------------------------------------------------

--
-- Structure de la table `presentation`
--

CREATE TABLE IF NOT EXISTS `presentation` (
  `id` int(11) NOT NULL AUTO_INCREMENT,
  `titre` varchar(70) COLLATE latin1_general_ci NOT NULL,
  `text` longtext COLLATE latin1_general_ci NOT NULL,
  `intitule` varchar(70) COLLATE latin1_general_ci NOT NULL,
  PRIMARY KEY (`id`)
) ENGINE=InnoDB  DEFAULT CHARSET=latin1 COLLATE=latin1_general_ci AUTO_INCREMENT=7 ;

--
-- Contenu de la table `presentation`
--

INSERT INTO `presentation` (`id`, `titre`, `text`, `intitule`) VALUES
(1, 'présentation', 'Illud tamen clausos vehementer angebat quod captis navigiis, quae frumenta vehebant per flumen, Isauri quidem alimentorum copiis adfluebant, ipsi vero solitarum rerum cibos iam consumendo inediae propinquantis aerumnas exitialis horrebant.\r\n\r\nHacque adfabilitate confisus cum eadem postridie feceris, ut incognitus haerebis et repentinus, hortatore illo hesterno clientes numerando, qui sis vel unde venias diutius ambigente agnitus vero tandem et adscitus in amicitiam si te salutandi adsiduitati dederis triennio indiscretus et per tot dierum defueris tempus, reverteris ad paria perferenda, nec ubi esses interrogatus et quo tandem miser discesseris, aetatem omnem frustra in stipite conteres summittendo.', 'home'),
(2, 'Location', 'Quae dum ita struuntur, indicatum est apud Tyrum indumentum regale textum occulte, incertum quo locante vel cuius usibus apparatum. ideoque rector provinciae tunc pater Apollinaris eiusdem nominis ut conscius ductus est aliique congregati sunt ex diversis civitatibus multi, qui atrocium criminum ponderibus urgebantur.', 'location'),
(3, 'Inscription ', 'Quae dum ita struuntur, indicatum est apud Tyrum indumentum regale textum occulte, incertum quo locante vel cuius usibus apparatum. ideoque rector provinciae tunc ', 'inscription'),
(4, 'Activités', 'Quae dum ita struuntur, indicatum est apud Tyrum indumentum regale textum occulte, incertum quo locante vel cuius usibus apparatum. ideoque rector provinciae tunc pater Apollinaris eiusdem nominis ut conscius ductus est aliique congregati sunt ex diversis civitatibus multi, qui atrocium criminum ponderibus urgebantur.\r\n\r\nater Apollinaris eiusdem nominis ut conscius ductus est aliique congregati sunt ex diversis civitatibus multi, qui atrocium criminum ponderibus urgebantur.', 'activite'),
(5, 'Les stations ', 'Quae dum ita struuntur, indicatum est apud Tyrum indumentum regale textum occulte, incertum quo locante vel cuius usibus apparatum. ideoque rector provinciae tunc pater Apollinaris eiusdem nominis ut conscius ductus est aliique congregati sunt ex diversis civitatibus multi, qui atrocium criminum ponderibus urgebantur.\r\n\r\nQuae dum ita struuntur, indicatum est apud Tyrum indumentum regale textum occulte, incertum quo locante vel cuius usibus apparatum. ideoque rector provinciae tunc pater Apollinaris eiusdem nominis ut conscius ductus est aliique congregati sunt ex diversis civitatibus multi, qui atrocium criminum ponderibus urgebantur.', 'station'),
(6, 'Les détails', 'Quae dum ita struuntur, indicatum est apud Tyrum indumentum regale textum occulte, incertum quo locante vel cuius usibus apparatum. ideoque rector provinciae tunc pater Apollinaris eiusdem nominis ut conscius ductus est aliique congregati sunt ex diversis civitatibus multi, qui atrocium criminum ponderibus urgebantur.', 'detail');

-- --------------------------------------------------------

--
-- Structure de la table `proprietair`
--

CREATE TABLE IF NOT EXISTS `proprietair` (
  `id` int(11) NOT NULL AUTO_INCREMENT,
  `nom` varchar(70) COLLATE latin1_general_ci NOT NULL,
  `prenom` varchar(70) COLLATE latin1_general_ci NOT NULL,
  `email` varchar(150) COLLATE latin1_general_ci NOT NULL,
  `ville` varchar(150) COLLATE latin1_general_ci NOT NULL,
  `adresse` varchar(150) COLLATE latin1_general_ci NOT NULL,
  `codeP` varchar(5) COLLATE latin1_general_ci NOT NULL,
  `tel` varchar(14) COLLATE latin1_general_ci NOT NULL,
  `password` varchar(250) CHARACTER SET latin1 COLLATE latin1_bin NOT NULL,
  PRIMARY KEY (`id`)
) ENGINE=InnoDB  DEFAULT CHARSET=latin1 COLLATE=latin1_general_ci AUTO_INCREMENT=15 ;

--
-- Contenu de la table `proprietair`
--

INSERT INTO `proprietair` (`id`, `nom`, `prenom`, `email`, `ville`, `adresse`, `codeP`, `tel`, `password`) VALUES
(7, 'proprietaire1', 'proprietaire1', 'proprietaire1@gmail.com', 'test', 'test', '78400', '0112012012', '24198e58fae61a9049531725aafc0609'),
(8, 'proprietaire2', 'proprietaire2', 'proprietaire2@gmail.com', 'test', 'test', '21232', '0112012012', '52b2665d73fe0c71a1584c1f254c19a7'),
(9, 'proprietaire3', 'proprietaire3', 'proprietaire3@gmail.com', 'test', 'test', 'test', 'test', '1ae16e8de80ae38ef24b061b430d46ac');

-- --------------------------------------------------------

--
-- Structure de la table `saison`
--

CREATE TABLE IF NOT EXISTS `saison` (
  `idS` int(11) NOT NULL AUTO_INCREMENT,
  `type` varchar(20) COLLATE latin1_general_ci NOT NULL,
  `dateDebut` date NOT NULL,
  `dateFin` date NOT NULL,
  `coef` float NOT NULL,
  PRIMARY KEY (`idS`),
  KEY `idS` (`idS`)
) ENGINE=InnoDB  DEFAULT CHARSET=latin1 COLLATE=latin1_general_ci AUTO_INCREMENT=7 ;

--
-- Contenu de la table `saison`
--

INSERT INTO `saison` (`idS`, `type`, `dateDebut`, `dateFin`, `coef`) VALUES
(1, 'hauts saison', '2016-12-18', '2017-01-02', 1),
(2, 'hauts saison', '2017-02-05', '2017-03-04', 1.2),
(3, 'basse saison', '2016-12-03', '2016-12-17', 0.8),
(4, 'basse saison', '2017-01-03', '2017-02-04', 0.8),
(5, 'basse saison', '2017-03-05', '2017-04-09', 0.8),
(6, 'normal', '0000-00-00', '0000-00-00', 0);

-- --------------------------------------------------------

--
-- Structure de la table `station`
--

CREATE TABLE IF NOT EXISTS `station` (
  `ids` int(11) NOT NULL AUTO_INCREMENT,
  `ville` varchar(70) COLLATE latin1_general_ci NOT NULL,
  `codeP` varchar(5) COLLATE latin1_general_ci NOT NULL,
  `vallee` int(11) NOT NULL,
  `nom` varchar(70) COLLATE latin1_general_ci NOT NULL,
  `photo` varchar(70) COLLATE latin1_general_ci NOT NULL,
  `text` longtext COLLATE latin1_general_ci NOT NULL,
  PRIMARY KEY (`ids`)
) ENGINE=InnoDB  DEFAULT CHARSET=latin1 COLLATE=latin1_general_ci AUTO_INCREMENT=16 ;

--
-- Contenu de la table `station`
--

INSERT INTO `station` (`ids`, `ville`, `codeP`, `vallee`, `nom`, `photo`, `text`) VALUES
(9, 'ville1', '68780', 1, 'station1', 'aiguilles_photo1jxqef.jpg', 'Raptim igitur properantes ut motus sui rumores celeritate nimia praevenirent, vigore corporum ac levitate confisi per flexuosas semitas ad summitates collium tardius evadebant. et cum superatis difficultatibus arduis ad supercilia venissent fluvii Melanis alti et verticosi, qui pro muro tuetur accolas circumfusus, augente nocte adulta terrorem quievere paulisper lucem opperientes. arbitrabantur enim nullo inpediente transgressi inopino adcursu adposita quaeque vastare, sed in cassum labores pertulere gravissimos.\r\n\r\nNec piget dicere avide magis hanc insulam populum Romanum invasisse quam iuste. Ptolomaeo enim rege foederato nobis et socio ob aerarii nostri angustias iusso sine ulla culpa proscribi ideoque hausto veneno voluntaria morte deleto et tributaria facta est et velut hostiles eius exuviae classi inpositae in urbem advectae sunt per Catonem, nunc repetetur ordo gestorum.'),
(10, 'ville2', '68780', 1, 'station2', 'arvieux_photo1mwtua.jpg', 'Raptim igitur properantes ut motus sui rumores celeritate nimia praevenirent, vigore corporum ac levitate confisi per flexuosas semitas ad summitates collium tardius evadebant. et cum superatis difficultatibus arduis ad supercilia venissent fluvii Melanis alti et verticosi, qui pro muro tuetur accolas circumfusus, augente nocte adulta terrorem quievere paulisper lucem opperientes. arbitrabantur enim nullo inpediente transgressi inopino adcursu adposita quaeque vastare, sed in cassum labores pertulere gravissimos.\r\n\r\nNec piget dicere avide magis hanc insulam populum Romanum invasisse quam iuste. Ptolomaeo enim rege foederato nobis et socio ob aerarii nostri angustias iusso sine ulla culpa proscribi ideoque hausto veneno voluntaria morte deleto et tributaria facta est et velut hostiles eius exuviae classi inpositae in urbem advectae sunt per Catonem, nunc repetetur ordo gestorum.\r\n                    '),
(11, 'ville3', '68780', 2, 'station3', 'ceillac_photo1fclrb.jpg', 'Raptim igitur properantes ut motus sui rumores celeritate nimia praevenirent, vigore corporum ac levitate confisi per flexuosas semitas ad summitates collium tardius evadebant. et cum superatis difficultatibus arduis ad supercilia venissent fluvii Melanis alti et verticosi, qui pro muro tuetur accolas circumfusus, augente nocte adulta terrorem quievere paulisper lucem opperientes. arbitrabantur enim nullo inpediente transgressi inopino adcursu adposita quaeque vastare, sed in cassum labores pertulere gravissimos.\r\n\r\nNec piget dicere avide magis hanc insulam populum Romanum invasisse quam iuste. Ptolomaeo enim rege foederato nobis et socio ob aerarii nostri angustias iusso sine ulla culpa proscribi ideoque hausto veneno voluntaria morte deleto et tributaria facta est et velut hostiles eius exuviae classi inpositae in urbem advectae sunt per Catonem, nunc repetetur ordo gestorum.\r\n                    '),
(12, 'ville4', '68780', 2, 'station4', 'chateau_photo1vwcda.jpg', 'Raptim igitur properantes ut motus sui rumores celeritate nimia praevenirent, vigore corporum ac levitate confisi per flexuosas semitas ad summitates collium tardius evadebant. et cum superatis difficultatibus arduis ad supercilia venissent fluvii Melanis alti et verticosi, qui pro muro tuetur accolas circumfusus, augente nocte adulta terrorem quievere paulisper lucem opperientes. arbitrabantur enim nullo inpediente transgressi inopino adcursu adposita quaeque vastare, sed in cassum labores pertulere gravissimos.\r\n\r\nNec piget dicere avide magis hanc insulam populum Romanum invasisse quam iuste. Ptolomaeo enim rege foederato nobis et socio ob aerarii nostri angustias iusso sine ulla culpa proscribi ideoque hausto veneno voluntaria morte deleto et tributaria facta est et velut hostiles eius exuviae classi inpositae in urbem advectae sunt per Catonem, nunc repetetur ordo gestorum.'),
(13, 'ville5', '68780', 3, 'station5', 'imagesdasgq1isxqe.jpg', ' Raptim igitur properantes ut motus sui rumores celeritate nimia praevenirent, vigore corporum ac levitate confisi per flexuosas semitas ad summitates collium tardius evadebant. et cum superatis difficultatibus arduis ad supercilia venissent fluvii Melanis alti et verticosi, qui pro muro tuetur accolas circumfusus, augente nocte adulta terrorem quievere paulisper lucem opperientes. arbitrabantur enim nullo inpediente transgressi inopino adcursu adposita quaeque vastare, sed in cassum labores pertulere gravissimos.\r\n\r\nNec piget dicere avide magis hanc insulam populum Romanum invasisse quam iuste. Ptolomaeo enim rege foederato nobis et socio ob aerarii nostri angustias iusso sine ulla culpa proscribi ideoque hausto veneno voluntaria morte deleto et tributaria facta est et velut hostiles eius exuviae classi inpositae in urbem advectae sunt per Catonem, nunc repetetur ordo gestorum.'),
(14, 'ville6', '68780', 3, 'station6', 'molines_photo1yvwkl.jpg', 'Raptim igitur properantes ut motus sui rumores celeritate nimia praevenirent, vigore corporum ac levitate confisi per flexuosas semitas ad summitates collium tardius evadebant. et cum superatis difficultatibus arduis ad supercilia venissent fluvii Melanis alti et verticosi, qui pro muro tuetur accolas circumfusus, augente nocte adulta terrorem quievere paulisper lucem opperientes. arbitrabantur enim nullo inpediente transgressi inopino adcursu adposita quaeque vastare, sed in cassum labores pertulere gravissimos.\r\n\r\nNec piget dicere avide magis hanc insulam populum Romanum invasisse quam iuste. Ptolomaeo enim rege foederato nobis et socio ob aerarii nostri angustias iusso sine ulla culpa proscribi ideoque hausto veneno voluntaria morte deleto et tributaria facta est et velut hostiles eius exuviae classi inpositae in urbem advectae sunt per Catonem, nunc repetetur ordo gestorum.'),
(15, 'ville7', '68780', 4, 'station7', 'saintveran_photo1kuasg.jpg', 'Raptim igitur properantes ut motus sui rumores celeritate nimia praevenirent, vigore corporum ac levitate confisi per flexuosas semitas ad summitates collium tardius evadebant. et cum superatis difficultatibus arduis ad supercilia venissent fluvii Melanis alti et verticosi, qui pro muro tuetur accolas circumfusus, augente nocte adulta terrorem quievere paulisper lucem opperientes. arbitrabantur enim nullo inpediente transgressi inopino adcursu adposita quaeque vastare, sed in cassum labores pertulere gravissimos.\r\n\r\nNec piget dicere avide magis hanc insulam populum Romanum invasisse quam iuste. Ptolomaeo enim rege foederato nobis et socio ob aerarii nostri angustias iusso sine ulla culpa proscribi ideoque hausto veneno voluntaria morte deleto et tributaria facta est et velut hostiles eius exuviae classi inpositae in urbem advectae sunt per Catonem, nunc repetetur ordo gestorum.\r\n                    ');

-- --------------------------------------------------------

--
-- Structure de la vue `location_louer`
--
DROP TABLE IF EXISTS `location_louer`;

CREATE ALGORITHM=UNDEFINED DEFINER=`root`@`localhost` SQL SECURITY DEFINER VIEW `location_louer` AS select distinct `datelocation`.`id_location` AS `id_location`,extract(year from `datelocation`.`dateJour`) AS `annee`,extract(month from `datelocation`.`dateJour`) AS `mois`,count(`datelocation`.`id_location`) AS `nbJours` from `datelocation` where (`datelocation`.`libre` = 'reserver') group by `annee`,`mois`;

/*!40101 SET CHARACTER_SET_CLIENT=@OLD_CHARACTER_SET_CLIENT */;
/*!40101 SET CHARACTER_SET_RESULTS=@OLD_CHARACTER_SET_RESULTS */;
/*!40101 SET COLLATION_CONNECTION=@OLD_COLLATION_CONNECTION */;
